scenario_tag,retx_bytes_total,incast_n,fct_p95_ms,oversub_peak_ratio,pfc_events,bg_fct_ms,fct_p50_ms,incast_done,fct_mean_ms,bg_n_flows,queue_recovery_ms,link_84_1_pfc_events,incast_agg_gbps,link_84_1_queue_drained,link_84_1_util_mean,sample_us,bg_recovery90_ms,n_links,link_84_1_queue_p95_bytes,queue_peak_bytes,pfc_paused_samples,stop_time_s,oversub_longest_run_ms,qmin_bytes,bg_after_gbps,bg_before_gbps,bg_retx_events,base_rtt_us,bg_slowdown,link_84_1_over_qmax_pct,bg_min_gbps,bg0_observation_end_s,bg_completed,over_qmin_pct,bg_retx_bytes,link_84_1_queue_mean_bytes,bg_recovery95_ms_never_dipped,bg_recovery90_ms_never_dipped,queue_final_bytes,fct_min_ms,config_sha256,app_rate_cap_bps,bg_recovery95_ms,cct_ms,queue_p99_bytes,bg_drop_pct,link_84_1_pfc_pause_total_ns,queue_drained,link_84_1_queue_peak_bytes,link_84_1_oversub_peak_bytes,bg0_bg_completed_before_end,link_84_1_qmax_exceed_ratio,total_acked_bytes,link_84_1_oversub_duration_ms,recovery_rtts,bg_service_debt_bytes,oversub_peak_bytes,completion_rate_pct,fct_max_ms,pfc_pause_total_ns,ecn_marks,link_84_1_pfc_paused_samples,qmax_exceed_ratio,cc_mode,link_84_1_ecn_marks,retx_events_total,algorithm,link_84_1_oversub_longest_run_ms,link_84_1_oversub_peak_ratio,util_mean,link_84_1_queue_final_bytes,drops,bg_during_gbps,queue_p95_bytes,fct_p99_ms,over_qmax_pct,seed,cbap_enable,qmax_bytes,link_84_1_queue_recovery_ms,bg_retention_pct,queue_mean_bytes,oversub_duration_ms,link_84_1_queue_p99_bytes,scenario,bg_service_debt_window_s,incast_fairness_jain,link_84_1_over_qmin_pct,link_83_1_qmax_exceed_ratio,link_83_1_pfc_events,link_83_1_over_qmin_pct,link_83_1_queue_final_bytes,link_83_1_queue_drained,link_83_1_oversub_peak_ratio,link_83_1_oversub_peak_bytes,link_83_1_queue_mean_bytes,link_83_1_queue_peak_bytes,link_83_1_oversub_longest_run_ms,link_83_1_over_qmax_pct,link_83_1_queue_p95_bytes,link_83_1_oversub_duration_ms,link_83_1_util_mean,link_83_1_pfc_pause_total_ns,link_83_1_ecn_marks,link_83_1_queue_p99_bytes,link_83_1_pfc_paused_samples,link_83_1_queue_recovery_ms
s1,0,16,17.624191749999998,0.79124,0,nan,17.5600995,16,17.398941625,1,16.450000000000298,0,1.9038045814069482,1,0.8306662450054069,10.0,0.0,1,315448.0,316496.0,0,2.1,0.0,200000.0,7.640903570561101,7.640881635265409,0,15.2,nan,0.0,7.636363636363279,2.09998,0,14.248065969565587,0,45196.184646773785,1,1,0.0,17.113136,bc1232da8a31e132,8000000000.0,0.0,117.62493500000026,315448.0,0.05912928792508598,0,1,316496.0,0.0,0,0.79124,1054810304.0,0.0,1082.236842105283,2949403000.0,0.0,100.0,17.624935,0,0,0,0.79124,1,0,0,dcqcn,0.0,0.79124,0.8306662450054069,0.0,0,7.6408774018024115,315448.0,17.62478635,0.0,2,0,400000,16.450000000000298,99.99994459457429,45196.184646773785,0.0,315448.0,s1_fan16_256k_bg80,2.1,0.999846173647223,14.248065969565587,,,,,,,,,,,,,,,,,,,
s1,0,16,17.624191749999998,0.79124,0,nan,17.5600995,16,17.398941625,1,16.450000000000298,0,1.9038045814069482,1,0.8306662450054069,10.0,0.0,1,315448.0,316496.0,0,2.1,0.0,200000.0,7.640903570561101,7.640881635265409,0,15.2,nan,0.0,7.636363636363279,2.09998,0,14.248065969565587,0,45196.184646773785,1,1,0.0,17.113136,c076c70f11ce8389,8000000000.0,0.0,117.62493500000026,315448.0,0.05912928792508598,0,1,316496.0,0.0,0,0.79124,1054810304.0,0.0,1082.236842105283,2949403000.0,0.0,100.0,17.624935,0,0,0,0.79124,8,0,0,dctcp,0.0,0.79124,0.8306662450054069,0.0,0,7.6408774018024115,315448.0,17.62478635,0.0,2,0,400000,16.450000000000298,99.99994459457429,45196.184646773785,0.0,315448.0,s1_fan16_256k_bg80,2.1,0.999846173647223,14.248065969565587,,,,,,,,,,,,,,,,,,,
s1,0,16,17.716663249999996,0.79464,0,nan,17.632999500000004,16,17.517130125,1,11.20999999999972,0,1.8883064831546594,1,0.8308467827120657,10.0,0.0,1,316800.0,317856.0,0,2.1,0.0,200000.0,7.5829683698296995,7.582943317732708,0,15.2,nan,0.0,7.5797979797976245,2.09998,0,11.26772522713764,0,38218.123460983275,1,1,0.0,17.156635,8b9d7cd68bc0dcd4,8000000000.0,0.0,117.76958999999998,317856.0,0.04147911705640883,0,1,317856.0,0.0,0,0.79464,1046843304.0,0.0,737.4999999999816,2957370000.0,0.0,100.0,17.769589999999997,0,0,0,0.79464,7,0,0,timely,0.0,0.79464,0.8308467827120657,0.0,0,7.582880434782603,316800.0,17.759004649999998,0.0,2,0,400000,11.20999999999972,99.99917073163455,38218.123460983275,0.0,317856.0,s1_fan16_256k_bg80,2.1,0.9998670620180238,11.26772522713764,,,,,,,,,,,,,,,,,,,
s1,0,16,4.08769575,0.705775,0,nan,3.8435085,16,3.8472049999999998,1,0.18999999999991246,0,8.197159247202059,1,0.806482182516931,10.0,103.99999999999964,1,0.0,282310.0,0,2.1,0.0,200000.0,7.345848977889047,7.346197847913916,0,15.2,nan,0.0,0.3999999999999812,2.09998,0,0.297790585975024,0,1068.7669548511046,0,0,0.0,3.4920950000000004,04e8b08aa22c4132,8000000000.0,103.99999999999964,104.09342200000005,4360.0,94.55500643624009,0,1,282310.0,0.0,0,0.705775,1010774304.0,0.0,12.499999999994241,2993438000.0,0.0,100.0,4.093422,0,0,0,0.705775,3,0,0,hpcc,0.0,0.705775,0.806482182516931,0.0,0,7.077094542659481,0.0,4.09227675,0.0,2,0,400000,0.18999999999991246,96.33683558725755,1068.7669548511046,0.0,4360.0,s1_fan16_256k_bg80,2.1,0.9974606902990523,0.297790585975024,,,,,,,,,,,,,,,,,,,
s1,0,16,5.92929825,0.03668,0,nan,5.927846499999999,16,5.927846499999999,1,0.0,0,5.658980408347288,1,0.8118643783630209,10.0,105.99999999999943,1,2096.0,14672.0,0,2.1,0.0,200000.0,7.575584857507434,7.640881635265409,0,15.2,nan,0.0,3.858585858585678,2.09998,0,0.0,0,406.8777494571887,0,0,0.0,5.92628,210f252a94357f1b,8000000000.0,105.99999999999943,105.92941300000014,10480.0,49.50077696823728,0,1,14672.0,0.0,0,0.03668,1051239304.0,0.0,0.0,2952974000.0,0.0,100.0,5.929412999999999,0,0,0,0.03668,30,0,0,cbapsba,0.0,0.03668,0.8118643783630209,0.0,0,7.430211480362521,2096.0,5.929390049999999,0.0,2,1,400000,0.0,97.24285540649431,406.8777494571887,0.0,10480.0,s1_fan16_256k_bg80,2.1,0.999999966252712,0.0,,,,,,,,,,,,,,,,,,,
s2,0,64,70.45332535,3.18068,0,nan,70.1126565,64,69.79611509374999,1,69.27000000000038,0,1.9049970599217976,1,0.8832943142082978,10.0,0.0,1,1271224.0,1272272.0,0,2.5,68.75,200000.0,7.640882845967597,7.640881635265409,0,15.2,nan,40.33204270796668,7.636363636363279,2.49998,0,40.83069341781063,0,504284.3538660096,1,1,0.0,68.90069799999999,44544cd4a1a05475,8000000000.0,0.0,170.45560900000024,1271224.0,0.05912928792508598,0,1,1272272.0,872272.0,0,3.18068,1449437216.0,68.75,4557.236842105288,2567359000.0,872272.0,100.0,70.455609,0,2271.0,0,3.18068,1,2271.0,0,dcqcn,68.75,3.18068,0.8832943142082978,0.0,0,7.640835484628014,1271224.0,70.45498467,40.33204270796668,2,0,400000,69.27000000000038,99.99939600376504,504284.3538660096,68.75,1271224.0,s2_fan64_256k_bg80,2.5,0.9999276819303783,40.83069341781063,,,,,,,,,,,,,,,,,,,
s2,0,64,70.44913535,3.18068,0,nan,70.1126565,64,69.79938853125,1,69.27000000000038,0,1.9049970599217976,1,0.8832943142082981,10.0,0.0,1,1271224.0,1272272.0,0,2.5,68.75,200000.0,7.640882845967597,7.640881635265409,0,15.2,nan,40.33204270796668,7.636363636363279,2.49998,0,40.83069341781063,0,504260.21541710664,1,1,0.0,68.90069799999999,1ab5668889ec3aed,8000000000.0,0.0,170.45560900000024,1271224.0,0.05912928792508598,0,1,1272272.0,872272.0,0,3.18068,1449437216.0,68.75,4557.236842105288,2567359000.0,872272.0,100.0,70.455609,0,2271.0,0,3.18068,8,2271.0,0,dctcp,68.75,3.18068,0.8832943142082981,0.0,0,7.640835484628014,1271224.0,70.45498467,40.33204270796668,2,0,400000,69.27000000000038,99.99939600376504,504260.21541710664,68.75,1271224.0,s2_fan64_256k_bg80,2.5,0.9999275923266254,40.83069341781063,,,,,,,,,,,,,,,,,,,
s2,0,64,70.82332455,3.20232,0,nan,70.4800775,64,70.16699306249998,1,69.67999999999996,0,1.895044337050825,1,0.8837396335537915,10.0,0.0,1,1280928.0,1280928.0,0,2.5,69.12,200000.0,7.582942629444939,7.582943317732708,0,15.2,nan,40.461277293215474,7.5797979797976245,2.49998,0,40.96470175027805,0,509561.7500439033,1,1,0.0,69.260975,787659a4c570cf54,8000000000.0,0.0,170.82563999999988,1280928.0,0.04147911705640883,0,1,1280928.0,880928.0,0,3.20232,1438573216.0,69.12,4584.210526315787,2578223000.0,880928.0,100.0,70.82563999999999,0,2296.0,0,3.20232,7,2296.0,0,timely,69.12,3.20232,0.8837396335537915,0.0,0,7.5829059829059835,1280928.0,70.82500811,40.461277293215474,2,0,400000,69.67999999999996,99.99950764729262,509561.7500439033,69.12,1280928.0,s2_fan64_256k_bg80,2.5,0.9999274335588724,40.96470175027805,,,,,,,,,,,,,,,,,,,
s2,0,64,15.08877175,3.229125,0,nan,14.857330000000001,64,14.802667562499996,1,3.009999999999735,0,8.871321556479828,1,0.8245828680622327,10.0,115.99999999999832,1,21800.0,1291650.0,0,2.5,2.89,200000.0,7.3460770563484905,7.346197847913916,0,15.2,nan,2.5102058542517156,0.09292929292928859,2.49998,0,2.9444975245374794,0,26397.09545730913,0,0,0.0,13.975734,eeb96bee562aab50,8000000000.0,115.99999999999832,115.1293950000003,1079928.3999999983,98.7350014952881,0,1,1291650.0,891650.0,0,3.229125,1380534216.0,2.89,198.02631578945628,2636261000.0,891650.0,100.0,15.129395,0,274.0,0,3.229125,3,274.0,0,hpcc,2.89,3.229125,0.8245828680622327,0.0,0,6.398957609451001,21800.0,15.117964279999999,2.5102058542517156,2,0,400000,3.009999999999735,87.10570749558698,26397.09545730913,2.89,1079928.3999999983,s2_fan64_256k_bg80,2.5,0.9997425053103921,2.9444975245374794,,,,,,,,,,,,,,,,,,,
s2,0,64,22.77299205,3.15972,0,nan,22.7602745,64,22.582422093749997,1,5.469999999999864,0,5.893599193517844,1,0.8377494184719199,10.0,123.99999999999744,1,1217776.0,1263888.0,0,2.5,15.22,200000.0,7.568482816429173,7.640881635265409,0,15.2,nan,12.787098876038442,2.929292929292792,2.49998,0,15.914644078840203,0,136151.37905196287,0,0,0.0,21.372755,25f3a75d80282fbd,8000000000.0,123.99999999999744,122.77347400000016,1261792.0,61.66289350991836,0,1,1263888.0,863888.0,0,3.15972,1433743216.0,15.700000000000001,359.86842105262264,2583053000.0,863888.0,100.0,22.773473999999997,0,1095.0,0,3.15972,30,1095.0,0,cbapsba,15.22,3.15972,0.8377494184719199,0.0,0,6.901205604431412,1217776.0,22.773377609999997,12.787098876038442,2,1,400000,5.469999999999864,90.31949366392318,136151.37905196287,15.700000000000001,1261792.0,s2_fan64_256k_bg80,2.5,0.9998136928942816,15.914644078840203,,,,,,,,,,,,,,,,,,,
s3,0,64,281.73476605,3.18068,0,nan,281.6258835,64,281.56431668749997,1,280.56000000000034,0,1.9055369979733376,1,0.9481510223962991,10.0,0.0,1,1271224.0,1272272.0,0,3.0,280.04,200000.0,7.640878839352843,7.640881635265409,0,15.2,nan,73.35690897184021,7.636363636363279,2.99998,0,73.57956777996071,0,928932.4345252129,1,1,0.0,281.287116,f19e80c68f700c10,8000000000.0,0.0,381.74258100000014,1272272.0,0.05912928792508598,0,1,1272272.0,872272.0,0,3.18068,1977323864.0,280.04,18457.89473684213,2089804000.0,872272.0,100.0,281.742581,0,9542.0,0,3.18068,1,9542.0,0,dcqcn,280.04,3.18068,0.9481510223962991,0.0,0,7.64086551055692,1271224.0,281.74068281,73.35690897184021,2,0,400000,280.56000000000034,99.99978896795868,928932.4345252129,280.04,1272272.0,s3_fan64_1m_bg80,3.0,0.9999997209679906,73.57956777996071,,,,,,,,,,,,,,,,,,,
s3,0,64,281.73476605,3.18068,0,nan,281.6258835,64,281.5613705937499,1,280.56000000000034,0,1.9055369979733376,1,0.9481510223962988,10.0,0.0,1,1271224.0,1272272.0,0,3.0,280.04,200000.0,7.640878839352843,7.640881635265409,0,15.2,nan,73.35690897184021,7.636363636363279,2.99998,0,73.57956777996071,0,928886.2103470858,1,1,0.0,281.253596,6f3ae85eb6a5a8c6,8000000000.0,0.0,381.74258100000014,1272272.0,0.05912928792508598,0,1,1272272.0,872272.0,0,3.18068,1977323864.0,280.04,18457.89473684213,2089804000.0,872272.0,100.0,281.742581,0,9542.0,0,3.18068,8,9542.0,0,dctcp,280.04,3.18068,0.9481510223962988,0.0,0,7.64086551055692,1271224.0,281.74068281,73.35690897184021,2,0,400000,280.56000000000034,99.99978896795868,928886.2103470858,280.04,1272272.0,s3_fan64_1m_bg80,3.0,0.9999997020259677,73.57956777996071,,,,,,,,,,,,,,,,,,,
s3,0,64,283.20984405,3.20232,0,nan,283.10040849999996,64,283.03127962499997,1,282.07000000000005,0,1.8956128417953235,1,0.9486999133663676,10.0,0.0,1,1280928.0,1280928.0,0,3.0,281.52,200000.0,7.58294547686813,7.582943317732708,0,15.2,nan,73.46171911695632,7.5797979797976245,2.99998,0,73.68352382443506,0,937202.0470747873,1,1,0.0,282.704701,129835f8b7f71b37,8000000000.0,0.0,383.2175960000002,1280928.0,0.04147911705640883,0,1,1280928.0,880928.0,0,3.20232,1962838864.0,281.52,18557.236842105267,2104289000.0,880928.0,100.0,283.217596,0,9655.0,0,3.20232,7,9655.0,0,timely,281.52,3.20232,0.9486999133663676,0.0,0,7.582922755741128,1280928.0,283.21621441,73.46171911695632,2,0,400000,282.07000000000005,99.9997288389123,937202.0470747873,281.52,1280928.0,s3_fan64_1m_bg80,3.0,0.9999996759732831,73.68352382443506,,,,,,,,,,,,,,,,,,,
s3,0,64,60.10895325,3.229125,0,nan,59.758093,64,59.5885604375,1,3.009999999999735,0,8.927877169700624,1,0.870797172473921,10.0,159.9999999999935,1,23980.0,1291650.0,0,3.0,2.89,200000.0,7.346041879468848,7.346197847913916,0,15.2,nan,1.8046709129511678,0.09292929292928859,2.99998,0,2.1168977144998125,0,22616.085550143624,0,0,0.0,57.770199,0d7b645bb6c62551,8000000000.0,161.99999999999326,160.13421800000006,900721.5000000043,98.7350014952881,0,1,1291650.0,891650.0,0,3.229125,1849385864.0,2.89,198.02631578945628,2217741000.0,891650.0,100.0,60.134218000000004,0,274.0,0,3.229125,3,274.0,0,hpcc,2.89,3.229125,0.870797172473921,0.0,0,4.636472645515862,23980.0,60.13094515,1.8046709129511678,2,0,400000,3.009999999999735,63.11390928345976,22616.085550143624,2.89,900721.5000000043,s3_fan64_1m_bg80,3.0,0.9999237866586987,2.1168977144998125,,,,,,,,,,,,,,,,,,,
s3,0,64,93.53297815,3.15972,0,nan,93.5142225,64,93.33508690625001,1,76.23000000000025,0,5.739813919027768,1,0.897249610416085,10.0,193.99999999998974,1,1263888.0,1263888.0,0,3.0,85.98,200000.0,7.568536251709987,7.640881635265409,0,15.2,nan,44.67293582721918,2.258585858585753,2.99998,0,46.65702180427819,0,548016.2732251731,0,0,0.0,92.086893,20eb86ba4f0c41fb,8000000000.0,193.99999999998974,193.5345500000003,1263888.0,70.44076892695774,0,1,1263888.0,863888.0,0,3.15972,1924278864.0,86.46000000000001,5015.131578947385,2142849000.0,863888.0,100.0,93.53455,0,8253.0,0,3.15972,30,8253.0,0,cbapsba,85.98,3.15972,0.897249610416085,0.0,0,5.787887556841673,1263888.0,93.53423563,44.67293582721918,2,1,400000,76.23000000000025,75.74894931140531,548016.2732251731,86.46000000000001,1263888.0,s3_fan64_1m_bg80,3.0,0.9999889503929584,46.65702180427819,,,,,,,,,,,,,,,,,,,
s6,0,60,33.03271599999999,1.48816,0,nan,32.7184955,60,32.6858554,2,31.850000000000378,0,3.8091129160890156,1,0.8503325556221775,10.0,0.0,2,594216.0,595264.0,0,2.5,31.330000000000002,200000.0,15.281757827558154,15.281763270530819,0,15.2,nan,23.541791942273,7.636363636363279,2.49998,0,24.188214070956104,0,141378.040288635,,,0.0,31.882048000000005,1e306f48e033915d,8000000000.0,0.0,133.03370700000005,594216.0,0.05912928792508598,0,1,595264.0,195264.0,0,1.48816,2881048640.0,31.32,2095.3947368421304,5134718000.0,195264.0,100.0,33.033707,0,451.0,0,1.48816,1,233.0,0,dcqcn,31.32,1.48816,0.8503325556221776,0.0,0,15.281671929033212,594216.0,33.033707,23.549308478653035,2,0,400000,31.850000000000378,99.99940228430457,141544.18400481058,31.330000000000002,594216.0,s6_dual_bottleneck_256k_bg80,2.5,0.9998943456284306,24.188214070956104,1.48816,0,24.188214070956104,0.0,1,1.48816,195264.0,141544.18400481058,595264.0,31.330000000000002,23.549308478653035,594216.0,31.330000000000002,0.8503325556221777,0,218.0,594216.0,0,31.850000000000378
s6,0,60,33.03271599999999,1.48816,0,nan,32.7184955,60,32.6858554,2,31.850000000000378,0,3.8091129160890156,1,0.8503325556221775,10.0,0.0,2,594216.0,595264.0,0,2.5,31.330000000000002,200000.0,15.281757827558154,15.281763270530819,0,15.2,nan,23.541791942273,7.636363636363279,2.49998,0,24.188214070956104,0,141378.040288635,,,0.0,31.882048000000005,d6b20b4894a222a7,8000000000.0,0.0,133.03370700000005,594216.0,0.05912928792508598,0,1,595264.0,195264.0,0,1.48816,2881048640.0,31.32,2095.3947368421304,5134718000.0,195264.0,100.0,33.033707,0,451.0,0,1.48816,8,233.0,0,dctcp,31.32,1.48816,0.8503325556221776,0.0,0,15.281671929033212,594216.0,33.033707,23.549308478653035,2,0,400000,31.850000000000378,99.99940228430457,141544.18400481058,31.330000000000002,594216.0,s6_dual_bottleneck_256k_bg80,2.5,0.9998943456284306,24.188214070956104,1.48816,0,24.188214070956104,0.0,1,1.48816,195264.0,141544.18400481058,595264.0,31.330000000000002,23.549308478653035,594216.0,31.330000000000002,0.8503325556221777,0,218.0,594216.0,0,31.850000000000378
s6,0,60,33.206371,1.49688,0,nan,33.0386965,60,32.91677216666667,2,32.249999999999886,0,3.7892884321246254,1,0.8506388409278454,10.0,0.0,2,598752.0,598752.0,0,2.5,31.51,200000.0,15.165892535778564,15.165886635465416,0,15.2,nan,23.646873357856016,7.5797979797976245,2.49998,0,24.2924705352451,0,142669.35635462802,,,0.0,32.365514999999995,a9bf335108f84eaa,8000000000.0,0.0,133.20653000000027,598752.0,0.04147911705640883,0,1,598752.0,198752.0,0,1.49688,2859320640.0,31.5,2121.7105263157823,5156446000.0,198752.0,100.0,33.20653,0,454.0,0,1.49688,7,234.0,0,timely,31.5,1.49688,0.8506388409278455,0.0,0,15.165765765765768,598752.0,33.20653,23.654380301779145,2,0,400000,32.17999999999988,99.99920301593602,142846.83131897004,31.51,598752.0,s6_dual_bottleneck_256k_bg80,2.5,0.9999251921243562,24.2924705352451,1.49688,0,24.2924705352451,0.0,1,1.49688,198752.0,142846.83131897004,598752.0,31.51,23.654380301779145,598752.0,31.51,0.8506388409278456,0,220.0,598752.0,0,32.249999999999886
s6,0,60,7.28413645,1.479675,0,nan,7.147019,60,7.108756783333335,2,0.7700000000001594,0,17.252312481421786,1,0.812312618825818,10.0,107.9999999999992,2,2180.0,591870.0,0,2.5,0.63,200000.0,14.692165299991881,14.692395695827832,0,15.2,nan,0.5498602050326188,0.24242424242423105,2.49998,0,0.848089468779124,0,4116.575209692451,,,0.0,6.5719009999999995,7356bf64a5796770,8000000000.0,107.9999999999992,107.29346400000006,79537.29999999334,96.70000390075157,0,1,564620.0,164620.0,0,1.41155,2757627640.0,0.59,50.65789473685259,5258138000.0,191870.0,100.0,7.293464,0,24.0,0,1.479675,3,9.0,0,hpcc,0.59,1.41155,0.8122801118360695,0.0,0,13.73251304996268,3270.0,7.29274774,0.587138863000932,2,0,400000,0.6800000000000139,93.46325361597464,4389.5466915191055,0.63,61813.89999999905,s6_dual_bottleneck_256k_bg80,2.5,0.99950087635063,0.8387698042870456,1.479675,0,0.848089468779124,0.0,1,1.479675,191870.0,4389.5466915191055,591870.0,0.63,0.587138863000932,3270.0,0.63,0.8122476048463211,0,15.0,79537.29999999334,0,0.7700000000001594
s6,0,60,11.096282,0.07598,0,nan,11.0933785,60,11.093182966666664,2,0.0,0,11.338742409959787,1,0.8206018937892975,10.0,111.99999999999876,2,13624.0,30392.0,0,2.5,0.0,200000.0,15.122631320569466,15.281763270530819,0,15.2,nan,0.0,3.8545454545452738,2.49998,0,0.0,0,1372.0907290729074,,,0.0,11.089484,7fd4a578965942f9,8000000000.0,111.99999999999876,111.09727299999994,25152.0,49.55365573580981,0,1,28296.0,0.0,0,0.07074,2860832640.0,0.0,0.0,5154934000.0,0.0,100.0,11.097273,0,0,0,0.07598,30,0,0,cbapsba,0.0,0.07074,0.8206018937892975,0.0,0,14.528339935181812,14672.0,11.097273,0.0,2,1,400000,0.0,95.0697879425871,1419.727092709271,0.0,23056.0,s6_dual_bottleneck_256k_bg80,2.5,0.9999999601631295,0.0,0.07598,0,0.0,0.0,1,0.07598,0.0,1419.727092709271,30392.0,0.0,0.0,14672.0,0.0,0.8206018937892975,0,0,25152.0,0,0.0
s4,0,64,1127.2957677499999,3.18854,0,3528.004888,1126.8607775,64,1126.6146411875,1,1119.8900000000003,0,0.47623338222241646,1,0.9964099839513361,10.0,0.0,1,1274368.0,1275416.0,0,5.5,1120.84,200000.0,5.354562006878414,9.07028281131245,0,15.2,1.047376451125,91.3234419430797,9.066666666664208,4.52802,1,91.5874296236546,0,1159283.934068262,1,1,0.0,1125.504259,f0adde22f2c2eb23,9500000000.0,0.0,1227.32734,1274368.0,0.03986804737480254,0,1,1275416.0,875416.0,1,3.18854,4067108864.0,1120.84,73676.97368421055,0.0,875416.0,100.0,1127.3273399999998,0,9582.0,0,3.18854,1,9582.0,0,dcqcn,1120.84,3.18854,0.9964099839513361,0.0,0,9.07029299612163,1274368.0,1127.3206903500002,91.3234419430797,2,0,400000,1119.8900000000003,100.00011228766942,1159283.934068262,1120.84,1274368.0,s4_fan64_1m_bg95,5.5,0.9999997210127584,91.5874296236546,,,,,,,,,,,,,,,,,,,
s4,0,64,1127.2957677499999,3.18854,0,3528.004888,1126.8607775,64,1126.6146411875,1,1119.8900000000003,0,0.47623338222241646,1,0.9964099839513361,10.0,0.0,1,1274368.0,1275416.0,0,5.5,1120.84,200000.0,5.354562006878414,9.07028281131245,0,15.2,1.047376451125,91.3234419430797,9.066666666664208,4.52802,1,91.5874296236546,0,1159283.934068262,1,1,0.0,1125.504259,8762f31731c39608,9500000000.0,0.0,1227.32734,1274368.0,0.03986804737480254,0,1,1275416.0,875416.0,1,3.18854,4067108864.0,1120.84,73676.97368421055,0.0,875416.0,100.0,1127.3273399999998,0,9582.0,0,3.18854,8,9582.0,0,dctcp,1120.84,3.18854,0.9964099839513361,0.0,0,9.07029299612163,1274368.0,1127.3206903500002,91.3234419430797,2,0,400000,1119.8900000000003,100.00011228766942,1159283.934068262,1120.84,1274368.0,s4_fan64_1m_bg95,5.5,0.9999997210127584,91.5874296236546,,,,,,,,,,,,,,,,,,,
s4,0,64,1118.94934565,3.21288,0,3556.004893,1118.5165315,64,1118.2724176875,1,1115.4299999999998,0,0.4797855370246336,1,0.9967906099320066,10.0,0.0,1,1284096.0,1285152.0,0,5.5,1112.58,200000.0,5.431138438794111,8.998871954878194,0,15.2,1.0556889526093751,91.27064208894248,8.993939393938973,4.55602,1,91.5323341454811,0,1167409.0526091272,1,1,0.0,1117.1683699999999,ed2ff5fd5307116a,9500000000.0,0.0,1218.9810250000003,1284096.0,0.05481310284169982,0,1,1285152.0,885152.0,1,3.21288,4067108864.0,1112.58,73383.55263157893,0.0,885152.0,100.0,1118.981025,0,9694.0,0,3.21288,7,9694.0,0,timely,1112.58,3.21288,0.9967906099320066,0.0,0,8.998874468818192,1284096.0,1118.9748579299999,91.27064208894248,2,0,400000,1115.4299999999998,100.00002793616812,1167409.0526091272,1112.58,1284096.0,s4_fan64_1m_bg95,5.5,0.9999997201993807,91.5323341454811,,,,,,,,,,,,,,,,,,,
s4,0,64,60.17623305000001,3.229125,0,3727.326584,59.830088,64,59.66659589062499,1,3.0000000000001137,0,8.90134612092839,1,0.9641175349298609,10.0,161.99999999999326,1,25070.0,1291650.0,0,5.5,2.89,200000.0,6.76438950361373,8.724092963718547,0,15.2,1.106550079625,1.8026447105788423,0.09292929292928859,4.72734,1,2.1145209580838324,0,22653.82859281437,0,0,0.0,58.010901,808757d223b31ca1,9500000000.0,161.99999999999326,160.313452,899740.5000000028,98.9347970807308,0,1,1291650.0,891650.0,1,3.229125,4067108864.0,2.89,197.36842105263906,0.0,891650.0,100.0,60.313452,0,274.0,0,3.229125,3,274.0,0,hpcc,2.89,3.229125,0.9641175349298609,0.0,0,5.495995009357459,25070.0,60.24202197,1.8026447105788423,2,0,400000,3.0000000000001137,62.99789596711097,22653.82859281437,2.89,899740.5000000028,s4_fan64_1m_bg95,5.5,0.9999232993075835,2.1145209580838324,,,,,,,,,,,,,,,,,,,
s4,0,64,107.84703415,3.16496,0,3603.994556,107.8328875,64,107.81862840625,1,99.14000000000023,0,4.978005112092031,1,0.9764603627611838,10.0,207.9999999999882,1,1264936.0,1265984.0,0,5.5,104.82000000000001,200000.0,6.61448769501079,9.07028281131245,0,15.2,1.0699358838125002,50.49314409429877,4.282828282828082,4.604,1,51.26292999759442,0,627060.2453692567,0,0,0.0,107.525545,5bf2c24e6dfb9c4b,9500000000.0,207.9999999999882,207.84860600000022,1264936.0,52.78175585124488,0,1,1265984.0,865984.0,1,3.16496,4067108864.0,104.95,6522.368421052647,0.0,865984.0,100.0,107.848606,0,8983.0,0,3.16496,30,8983.0,0,cbapsba,104.82000000000001,3.16496,0.9764603627611838,0.0,0,6.734449576597382,1264936.0,107.84829163,50.49314409429877,2,1,400000,99.14000000000023,74.24740459248063,627060.2453692567,104.95,1264936.0,s4_fan64_1m_bg95,5.5,0.9999997532466262,51.26292999759442,,,,,,,,,,,,,,,,,,,
s5,0,64,1126.91501845,3.18068,0,4188.004723,1126.5850925,64,1126.2912163750002,1,1125.74,0,1.9056229257374988,1,0.9841966915551906,10.0,0.0,1,1271224.0,1272272.0,0,6.0,1125.21,200000.0,5.481439301650506,7.640881635265409,0,15.2,1.04700118075,91.7101359501842,7.636363636363279,5.18802,1,91.78023016985622,0,1164392.7964659473,1,1,0.0,1125.4244099999999,673c185045dc96b3,8000000000.0,0.0,1226.9195070000003,1272272.0,0.05912928792508598,0,1,1272272.0,872272.0,1,3.18068,4268435456.0,1125.21,74061.84210526316,0.0,872272.0,100.0,1126.919507,0,38410.0,0,3.18068,1,38410.0,0,dcqcn,1125.21,3.18068,0.9841966915551906,0.0,0,7.640877007091041,1271224.0,1126.91827409,91.7101359501842,2,0,400000,1125.74,99.99993942879122,1164392.7964659473,1125.21,1272272.0,s5_fan64_4m_bg80,6.0,0.9999997490468397,91.78023016985622,,,,,,,,,,,,,,,,,,,
s5,0,64,1126.91501845,3.18068,0,4188.004723,1126.5850925,64,1126.2949611875001,1,1125.74,0,1.9056229257374988,1,0.9841966915551907,10.0,0.0,1,1271224.0,1272272.0,0,6.0,1125.21,200000.0,5.481439301650506,7.640881635265409,0,15.2,1.04700118075,91.7101359501842,7.636363636363279,5.18802,1,91.78023016985622,0,1164378.3661852444,1,1,0.0,1125.4244099999999,218329a25622ad12,8000000000.0,0.0,1226.9195070000003,1272272.0,0.05912928792508598,0,1,1272272.0,872272.0,1,3.18068,4268435456.0,1125.21,74061.84210526316,0.0,872272.0,100.0,1126.919507,0,38410.0,0,3.18068,8,38410.0,0,dctcp,1125.21,3.18068,0.9841966915551907,0.0,0,7.640877007091041,1271224.0,1126.91827409,91.7101359501842,2,0,400000,1125.74,99.99993942879122,1164378.3661852444,1125.21,1272272.0,s5_fan64_4m_bg80,6.0,0.999999748290034,91.78023016985622,,,,,,,,,,,,,,,,,,,
s5,0,64,1132.81605735,3.20232,0,4220.0047270000005,1132.4843735,64,1132.1922835625,1,1131.6699999999996,0,1.8956963757674492,1,0.9847058491446579,10.0,0.0,1,1280928.0,1280928.0,0,6.0,1131.1200000000001,200000.0,5.52008203296665,7.582943317732708,0,15.2,1.05500118175,91.74987630086873,7.5797979797959245,5.22002,1,91.81882335764055,0,1173675.072735089,1,1,0.0,1131.316943,76620728bc64d09b,8000000000.0,0.0,1232.820464,1280928.0,0.04147911707883534,0,1,1280928.0,880928.0,1,3.20232,4268435456.0,1131.1200000000001,74451.9736842105,0.0,880928.0,100.0,1132.820464,0,38862.0,0,3.20232,7,38862.0,0,timely,1131.1200000000001,3.20232,0.9847058491446579,0.0,0,7.58293343716033,1280928.0,1132.81975147,91.74987630086873,2,0,400000,1131.6699999999996,99.99986970003646,1173675.072735089,1131.1200000000001,1280928.0,s5_fan64_4m_bg80,6.0,0.9999997480341146,91.81882335764055,,,,,,,,,,,,,,,,,,,
s5,0,64,240.47164705,3.229125,0,4592.3664579999995,239.7000735,64,239.45027875000002,1,3.009999999999735,0,8.926780921215137,1,0.9323313644771911,10.0,341.99999999997345,1,26160.0,1291650.0,0,6.0,2.89,200000.0,6.54967707612917,7.346197847913916,0,15.2,1.1480916145,0.8485773849722524,0.09292929292928859,5.59238,1,0.9953900813342338,0,17606.855683119476,0,0,0.0,236.45638399999999,0da6e8cf94475db6,8000000000.0,341.99999999997345,340.5664110000002,195807.60000001523,98.7350014952881,0,1,1291650.0,891650.0,1,3.229125,4268435456.0,2.89,198.02631578945628,0.0,891650.0,100.0,240.56641100000002,0,274.0,0,3.229125,3,274.0,0,hpcc,2.89,3.229125,0.9323313644771911,0.0,0,2.247733145407564,26160.0,240.5432648,0.8485773849722524,2,0,400000,3.009999999999735,30.597231274486408,17606.855683119476,2.89,195807.60000001523,s5_fan64_4m_bg80,6.0,0.9999833376111048,0.9953900813342338,,,,,,,,,,,,,,,,,,,
s5,0,64,376.51901684999996,3.15972,0,4403.820581,376.5106315,64,376.3261536562499,1,359.2200000000001,0,5.703506339486935,1,0.9585570721055067,10.0,477.99999999995845,1,1263888.0,1263888.0,0,6.0,368.96,200000.0,6.323324115624294,7.640881635265409,0,15.2,1.10095514525,77.5287501049274,2.436363636363522,5.40384,1,78.33669100982121,0,972634.1302778478,0,0,0.0,375.108605,92e648637e7a6562,8000000000.0,477.99999999995845,476.5199020000002,1263888.0,68.11410315376658,0,1,1263888.0,863888.0,1,3.15972,4268435456.0,369.44,23632.89473684211,0.0,863888.0,100.0,376.519902,0,36891.0,0,3.15972,30,36891.0,0,cbapsba,368.96,3.15972,0.9585570721055067,0.0,0,4.640050367261279,1263888.0,376.51972497,77.5287501049274,2,1,400000,359.2200000000001,60.72663586157103,972634.1302778478,369.44,1263888.0,s5_fan64_4m_bg80,6.0,0.999999348384295,78.33669100982121,,,,,,,,,,,,,,,,,,,
