epoch_s,rss_kb
1787590069,5644
1787590079,136156
1787590089,171072
1787590099,207940
1787590109,242900
1787590119,279768
1787590129,314584
1787590139,352760
1787590149,406008
1787590159,412152
1787590169,412152
1787590179,412152
1787590189,414544
1787590199,414596
1787590209,414596
1787590219,416320
1787590229,416324
1787590239,416324
1787590249,416324
1787590259,416324
1787590270,416324
1787590280,416324
1787590290,416324
1787590300,416324
1787590310,416324
1787590320,416324
1787590330,416324
1787590340,416324
1787590350,416324
1787590360,416324
1787590370,416324
1787590380,416324
1787590390,416324
1787590400,416324
1787590410,416324
1787590420,416324
1787590430,416324
1787590440,416324
1787590450,416324
1787590460,416324
1787590470,416324
1787590480,416324
1787590490,416324
1787590500,416324
1787590510,416324
1787590520,416324
1787590530,416324
1787590540,416324
1787590550,416324
1787590560,416324
1787590570,416324
1787590580,416324
1787590590,416324
1787590600,416324
1787590610,416324
1787590620,416324
1787590630,416324
1787590640,416324
1787590650,416324
1787590660,416324
1787590670,416324
1787590680,416324
1787590690,416324
1787590700,416324
1787590710,416324
1787590720,416324
1787590730,416324
1787590740,416324
1787590750,416324
1787590760,416324
1787590770,416324
1787590780,416324
1787590790,416324
1787590800,416324
1787590810,416324
1787590820,416324
1787590830,416324
1787590840,416324
1787590850,416324
1787590860,416324
1787590870,416324
1787590880,416324
1787590890,416324
1787590900,416324
1787590910,416324
1787590920,416324
1787590930,416324
1787590940,416324
1787590950,416324
1787590960,416324
1787590970,416324
1787590980,416324
1787590990,416324
1787591000,416324
1787591010,416324
1787591020,416324
1787591030,416324
1787591040,416324
1787591050,416324
1787591060,416324
1787591070,416324
1787591080,416324
1787591090,416324
1787591100,416324
1787591110,416324
1787591120,416324
1787591130,416324
1787591140,416324
1787591150,416324
1787591160,416324
1787591170,416324
1787591180,416324
1787591190,416324
1787591200,416324
1787591210,416324
1787591220,416324
1787591230,416324
1787591240,416324
1787591250,416324
1787591260,416324
1787591270,416324
1787591280,416324
1787591290,416324
1787591300,416324
1787591310,416324
1787591320,416324
1787591330,416324
1787591340,416324
1787591350,416324
1787591360,416324
1787591370,416324
1787591380,416324
1787591390,416324
1787591400,416324
1787591410,416324
1787591420,416324
1787591430,416324
1787591441,416324
1787591451,416324
1787591461,416324
1787591471,416324
1787591481,416324
1787591491,416324
1787591501,416324
1787591511,416324
1787591521,416324
1787591531,416324
1787591541,416324
1787591551,416324
1787591561,416324
1787591571,416324
1787591581,416324
1787591591,416324
1787591601,416324
1787591611,416324
1787591621,416324
1787591631,416324
1787591641,416324
1787591651,416324
1787591661,416324
1787591671,416324
1787591681,416324
1787591691,416324
1787591701,416324
1787591711,416324
1787591721,416324
1787591731,416324
1787591741,416324
1787591751,416324
1787591761,416324
1787591771,416324
1787591781,416324
1787591791,416324
1787591801,416324
1787591811,416324
1787591821,416324
1787591831,416324
1787591841,416324
1787591851,416324
1787591861,416324
1787591871,416324
1787591881,416324
1787591891,416324
1787591901,416324
1787591911,416324
1787591921,416324
1787591931,416324
1787591941,416324
1787591951,416324
1787591961,416324
1787591971,416324
1787591981,416324
1787591991,416324
1787592001,416324
1787592011,416324
1787592021,416324
1787592031,416324
1787592041,416324
1787592051,416324
1787592061,416324
1787592071,416324
1787592081,416324
1787592091,416324
1787592101,416324
1787592111,416324
1787592121,416324
1787592131,416324
1787592141,416324
1787592151,416324
1787592161,416324
1787592171,416324
1787592181,416324
1787592191,416324
1787592201,416324
1787592211,416324
1787592221,416324
1787592231,416324
1787592241,416324
1787592251,416324
1787592261,416324
1787592271,416324
1787592281,416324
1787592291,416324
1787592301,416324
1787592311,416324
1787592321,416324
1787592331,416324
1787592341,416324
1787592351,416324
1787592361,416324
1787592371,416324
1787592381,416324
1787592391,416324
1787592401,416324
1787592411,416324
1787592421,416324
1787592431,416324
1787592441,416324
1787592451,416324
1787592461,416324
1787592471,416324
1787592481,416324
1787592491,416324
1787592501,416324
1787592511,416324
1787592521,416324
1787592531,416324
1787592541,416324
1787592551,416324
1787592561,416324
1787592571,416324
1787592581,416324
1787592591,416324
1787592602,416324
1787592612,416324
1787592622,416324
1787592632,416324
1787592642,416324
1787592652,416324
1787592662,416324
1787592672,416324
1787592682,416324
1787592692,416324
1787592702,416324
1787592712,416324
1787592722,416324
1787592732,416324
1787592742,416324
1787592752,416324
1787592762,416324
1787592772,416324
1787592782,416324
1787592792,416324
1787592802,416324
1787592812,416324
1787592822,416324
1787592832,416324
1787592842,416324
1787592852,416324
1787592862,416324
1787592872,416324
1787592882,416324
1787592892,416324
1787592902,416324
1787592912,416324
1787592922,416324
1787592932,416324
1787592942,416324
1787592952,416324
1787592962,416324
1787592972,416324
1787592982,416324
1787592992,416324
1787593002,416324
1787593012,416324
1787593022,416324
1787593032,416324
1787593042,416324
1787593052,416324
1787593062,416324
1787593072,416332
1787593082,416332
1787593092,416332
1787593102,416332
1787593112,416332
1787593122,416332
1787593132,416332
1787593142,416332
1787593152,416332
1787593162,416332
1787593172,416332
1787593182,416332
1787593192,416332
1787593202,416332
