batch_id,flow_id,release_time,path,available_capacity,grant_rate,applied_rate,state_transition,hold_reason,readmission_reason,first_feedback_time,handoff_rate
0,0,10005000,0,0:400000000000,400000000000,400000000000,COLLECTING->STARTUP_SENDING,,,0,0
0,0,10005000,0,,320000000000,320000000000,STARTUP_SENDING->DCQCN_OWNED,,first_actionable_feedback,11005000,320000000000
1,1,20005000,0,0:80000000000,5750000000,5750000000,COLLECTING->STARTUP_SENDING,,,0,0
1,2,20005000,0,0:80000000000,5750000000,5750000000,COLLECTING->STARTUP_SENDING,,,0,0
1,3,20005000,0,0:80000000000,5750000000,5750000000,COLLECTING->STARTUP_SENDING,,,0,0
1,4,20005000,0,0:80000000000,5750000000,5750000000,COLLECTING->STARTUP_SENDING,,,0,0
1,5,20005000,0,0:80000000000,5750000000,5750000000,COLLECTING->STARTUP_SENDING,,,0,0
1,6,20005000,0,0:80000000000,5750000000,5750000000,COLLECTING->STARTUP_SENDING,,,0,0
1,7,20005000,0,0:80000000000,5750000000,5750000000,COLLECTING->STARTUP_SENDING,,,0,0
1,8,20005000,0,0:80000000000,5750000000,5750000000,COLLECTING->STARTUP_SENDING,,,0,0
1,9,20005000,0,0:80000000000,5750000000,5750000000,COLLECTING->STARTUP_SENDING,,,0,0
1,10,20005000,0,0:80000000000,5750000000,5750000000,COLLECTING->STARTUP_SENDING,,,0,0
1,11,20005000,0,0:80000000000,5750000000,5750000000,COLLECTING->STARTUP_SENDING,,,0,0
1,12,20005000,0,0:80000000000,5750000000,5750000000,COLLECTING->STARTUP_SENDING,,,0,0
1,13,20005000,0,0:80000000000,5750000000,5750000000,COLLECTING->STARTUP_SENDING,,,0,0
1,14,20005000,0,0:80000000000,5750000000,5750000000,COLLECTING->STARTUP_SENDING,,,0,0
1,15,20005000,0,0:80000000000,5750000000,5750000000,COLLECTING->STARTUP_SENDING,,,0,0
1,16,20005000,0,0:80000000000,5750000000,5750000000,COLLECTING->STARTUP_SENDING,,,0,0
1,17,20005000,0,0:80000000000,5750000000,5750000000,COLLECTING->STARTUP_SENDING,,,0,0
1,18,20005000,0,0:80000000000,5750000000,5750000000,COLLECTING->STARTUP_SENDING,,,0,0
1,19,20005000,0,0:80000000000,5750000000,5750000000,COLLECTING->STARTUP_SENDING,,,0,0
1,20,20005000,0,0:80000000000,5750000000,5750000000,COLLECTING->STARTUP_SENDING,,,0,0
1,21,20005000,0,0:80000000000,5750000000,5750000000,COLLECTING->STARTUP_SENDING,,,0,0
1,22,20005000,0,0:80000000000,5750000000,5750000000,COLLECTING->STARTUP_SENDING,,,0,0
1,23,20005000,0,0:80000000000,5750000000,5750000000,COLLECTING->STARTUP_SENDING,,,0,0
1,24,20005000,0,0:80000000000,5750000000,5750000000,COLLECTING->STARTUP_SENDING,,,0,0
1,25,20005000,0,0:80000000000,5750000000,5750000000,COLLECTING->STARTUP_SENDING,,,0,0
1,26,20005000,0,0:80000000000,5750000000,5750000000,COLLECTING->STARTUP_SENDING,,,0,0
1,27,20005000,0,0:80000000000,5750000000,5750000000,COLLECTING->STARTUP_SENDING,,,0,0
1,28,20005000,0,0:80000000000,5750000000,5750000000,COLLECTING->STARTUP_SENDING,,,0,0
1,29,20005000,0,0:80000000000,5750000000,5750000000,COLLECTING->STARTUP_SENDING,,,0,0
1,30,20005000,0,0:80000000000,5750000000,5750000000,COLLECTING->STARTUP_SENDING,,,0,0
1,31,20005000,0,0:80000000000,5750000000,5750000000,COLLECTING->STARTUP_SENDING,,,0,0
1,32,20005000,0,0:80000000000,5750000000,5750000000,COLLECTING->STARTUP_SENDING,,,0,0
1,33,20005000,0,0:80000000000,5750000000,5750000000,COLLECTING->STARTUP_SENDING,,,0,0
1,34,20005000,0,0:80000000000,5750000000,5750000000,COLLECTING->STARTUP_SENDING,,,0,0
1,35,20005000,0,0:80000000000,5750000000,5750000000,COLLECTING->STARTUP_SENDING,,,0,0
1,36,20005000,0,0:80000000000,5750000000,5750000000,COLLECTING->STARTUP_SENDING,,,0,0
1,37,20005000,0,0:80000000000,5750000000,5750000000,COLLECTING->STARTUP_SENDING,,,0,0
1,38,20005000,0,0:80000000000,5750000000,5750000000,COLLECTING->STARTUP_SENDING,,,0,0
1,39,20005000,0,0:80000000000,5750000000,5750000000,COLLECTING->STARTUP_SENDING,,,0,0
1,40,20005000,0,0:80000000000,5750000000,5750000000,COLLECTING->STARTUP_SENDING,,,0,0
1,41,20005000,0,0:80000000000,5750000000,5750000000,COLLECTING->STARTUP_SENDING,,,0,0
1,42,20005000,0,0:80000000000,5750000000,5750000000,COLLECTING->STARTUP_SENDING,,,0,0
1,43,20005000,0,0:80000000000,5750000000,5750000000,COLLECTING->STARTUP_SENDING,,,0,0
1,44,20005000,0,0:80000000000,5750000000,5750000000,COLLECTING->STARTUP_SENDING,,,0,0
1,45,20005000,0,0:80000000000,5750000000,5750000000,COLLECTING->STARTUP_SENDING,,,0,0
1,46,20005000,0,0:80000000000,5750000000,5750000000,COLLECTING->STARTUP_SENDING,,,0,0
1,47,20005000,0,0:80000000000,5750000000,5750000000,COLLECTING->STARTUP_SENDING,,,0,0
1,48,20005000,0,0:80000000000,5750000000,5750000000,COLLECTING->STARTUP_SENDING,,,0,0
1,49,20005000,0,0:80000000000,5750000000,5750000000,COLLECTING->STARTUP_SENDING,,,0,0
1,50,20005000,0,0:80000000000,5750000000,5750000000,COLLECTING->STARTUP_SENDING,,,0,0
1,51,20005000,0,0:80000000000,5750000000,5750000000,COLLECTING->STARTUP_SENDING,,,0,0
1,52,20005000,0,0:80000000000,5750000000,5750000000,COLLECTING->STARTUP_SENDING,,,0,0
1,53,20005000,0,0:80000000000,5750000000,5750000000,COLLECTING->STARTUP_SENDING,,,0,0
1,54,20005000,0,0:80000000000,5750000000,5750000000,COLLECTING->STARTUP_SENDING,,,0,0
1,55,20005000,0,0:80000000000,5750000000,5750000000,COLLECTING->STARTUP_SENDING,,,0,0
1,56,20005000,0,0:80000000000,5750000000,5750000000,COLLECTING->STARTUP_SENDING,,,0,0
1,57,20005000,0,0:80000000000,5750000000,5750000000,COLLECTING->STARTUP_SENDING,,,0,0
1,58,20005000,0,0:80000000000,5750000000,5750000000,COLLECTING->STARTUP_SENDING,,,0,0
1,59,20005000,0,0:80000000000,5750000000,5750000000,COLLECTING->STARTUP_SENDING,,,0,0
1,60,20005000,0,0:80000000000,5750000000,5750000000,COLLECTING->STARTUP_SENDING,,,0,0
1,61,20005000,0,0:80000000000,5750000000,5750000000,COLLECTING->STARTUP_SENDING,,,0,0
1,62,20005000,0,0:80000000000,5750000000,5750000000,COLLECTING->STARTUP_SENDING,,,0,0
1,63,20005000,0,0:80000000000,5750000000,5750000000,COLLECTING->STARTUP_SENDING,,,0,0
1,64,20005000,0,0:80000000000,5750000000,5750000000,COLLECTING->STARTUP_SENDING,,,0,0
1,37,20005000,0,,6270764033,6270764033,STARTUP_SENDING->DCQCN_OWNED,,first_actionable_feedback,20574549,6270764033
1,2,20005000,0,,6270764033,6270764033,STARTUP_SENDING->DCQCN_OWNED,,first_actionable_feedback,20608689,6270764033
1,57,20005000,0,,6270764033,6270764033,STARTUP_SENDING->DCQCN_OWNED,,first_actionable_feedback,20609569,6270764033
1,44,20005000,0,,6270764033,6270764033,STARTUP_SENDING->DCQCN_OWNED,,first_actionable_feedback,20609889,6270764033
1,27,20005000,0,,6332764276,6332764276,STARTUP_SENDING->DCQCN_OWNED,,first_actionable_feedback,20629909,6332764276
1,64,20005000,0,,6372302653,6372302653,STARTUP_SENDING->DCQCN_OWNED,,first_actionable_feedback,20637989,6372302653
1,5,20005000,0,,6372302653,6372302653,STARTUP_SENDING->DCQCN_OWNED,,first_actionable_feedback,20638249,6372302653
1,38,20005000,0,,6372302653,6372302653,STARTUP_SENDING->DCQCN_OWNED,,first_actionable_feedback,20640169,6372302653
1,16,20005000,0,,6372302653,6372302653,STARTUP_SENDING->DCQCN_OWNED,,first_actionable_feedback,20643549,6372302653
1,23,20005000,0,,6501700980,6501700980,STARTUP_SENDING->DCQCN_OWNED,,first_actionable_feedback,20646189,6501700980
1,52,20005000,0,,6501700980,6501700980,STARTUP_SENDING->DCQCN_OWNED,,first_actionable_feedback,20649209,6501700980
1,32,20005000,0,,6546461407,6546461407,STARTUP_SENDING->DCQCN_OWNED,,first_actionable_feedback,20651349,6546461407
1,21,20005000,0,,6642680676,6642680676,STARTUP_SENDING->DCQCN_OWNED,,first_actionable_feedback,20656269,6642680676
1,55,20005000,0,,6642680676,6642680676,STARTUP_SENDING->DCQCN_OWNED,,first_actionable_feedback,20658269,6642680676
1,12,20005000,0,,6799317131,6799317131,STARTUP_SENDING->DCQCN_OWNED,,first_actionable_feedback,20697169,6799317131
1,7,20005000,0,,6799317131,6799317131,STARTUP_SENDING->DCQCN_OWNED,,first_actionable_feedback,20704109,6799317131
1,9,20005000,0,,6857636238,6857636238,STARTUP_SENDING->DCQCN_OWNED,,first_actionable_feedback,20705349,6857636238
1,49,20005000,0,,6977996948,6977996948,STARTUP_SENDING->DCQCN_OWNED,,first_actionable_feedback,20717769,6977996948
1,45,20005000,0,,6977996948,6977996948,STARTUP_SENDING->DCQCN_OWNED,,first_actionable_feedback,20722429,6977996948
1,31,20005000,0,,7044174658,7044174658,STARTUP_SENDING->DCQCN_OWNED,,first_actionable_feedback,20725709,7044174658
1,13,20005000,0,,7181042194,7181042194,STARTUP_SENDING->DCQCN_OWNED,,first_actionable_feedback,20746069,7181042194
1,36,20005000,0,,7255019920,7255019920,STARTUP_SENDING->DCQCN_OWNED,,first_actionable_feedback,20756509,7255019920
1,19,20005000,0,,7255019920,7255019920,STARTUP_SENDING->DCQCN_OWNED,,first_actionable_feedback,20762909,7255019920
1,18,20005000,0,,7255019920,7255019920,STARTUP_SENDING->DCQCN_OWNED,,first_actionable_feedback,20764069,7255019920
1,10,20005000,0,,7499146414,7499146414,STARTUP_SENDING->DCQCN_OWNED,,first_actionable_feedback,20771709,7499146414
1,4,20005000,0,,7588868117,7588868117,STARTUP_SENDING->DCQCN_OWNED,,first_actionable_feedback,20791369,7588868117
1,1,20005000,0,,7683312014,7683312014,STARTUP_SENDING->DCQCN_OWNED,,first_actionable_feedback,20820729,7683312014
1,56,20005000,0,,7782860988,7782860988,STARTUP_SENDING->DCQCN_OWNED,,first_actionable_feedback,20897069,7782860988
1,53,20005000,0,,7856402070,7856402070,STARTUP_SENDING->DCQCN_OWNED,,first_actionable_feedback,20927769,7856402070
1,8,20005000,0,,7696119244,7696119244,STARTUP_SENDING->DCQCN_OWNED,,first_actionable_feedback,20955809,7696119244
1,14,20005000,0,,7696119244,7696119244,STARTUP_SENDING->DCQCN_OWNED,,first_actionable_feedback,20957889,7696119244
1,39,20005000,0,,7841503106,7841503106,STARTUP_SENDING->DCQCN_OWNED,,first_actionable_feedback,20972569,7841503106
1,29,20005000,0,,7841503106,7841503106,STARTUP_SENDING->DCQCN_OWNED,,first_actionable_feedback,20973429,7841503106
1,46,20005000,0,,8089342016,8089342016,STARTUP_SENDING->DCQCN_OWNED,,first_actionable_feedback,20980969,8089342016
1,62,20005000,0,,8089342016,8089342016,STARTUP_SENDING->DCQCN_OWNED,,first_actionable_feedback,20982329,8089342016
1,28,20005000,0,,8089342016,8089342016,STARTUP_SENDING->DCQCN_OWNED,,first_actionable_feedback,20984809,8089342016
1,15,20005000,0,,8233794552,8233794552,STARTUP_SENDING->DCQCN_OWNED,,first_actionable_feedback,20985629,8233794552
1,3,20005000,0,,8685877489,8685877489,STARTUP_SENDING->DCQCN_OWNED,,first_actionable_feedback,21005000,8685877489
1,6,20005000,0,,8685877489,8685877489,STARTUP_SENDING->DCQCN_OWNED,,first_actionable_feedback,21005000,8685877489
1,11,20005000,0,,8685877489,8685877489,STARTUP_SENDING->DCQCN_OWNED,,first_actionable_feedback,21005000,8685877489
1,17,20005000,0,,8685877489,8685877489,STARTUP_SENDING->DCQCN_OWNED,,first_actionable_feedback,21005000,8685877489
1,20,20005000,0,,8685877489,8685877489,STARTUP_SENDING->DCQCN_OWNED,,first_actionable_feedback,21005000,8685877489
1,22,20005000,0,,8685877489,8685877489,STARTUP_SENDING->DCQCN_OWNED,,first_actionable_feedback,21005000,8685877489
1,24,20005000,0,,8685877489,8685877489,STARTUP_SENDING->DCQCN_OWNED,,first_actionable_feedback,21005000,8685877489
1,25,20005000,0,,8685877489,8685877489,STARTUP_SENDING->DCQCN_OWNED,,first_actionable_feedback,21005000,8685877489
1,26,20005000,0,,8685877489,8685877489,STARTUP_SENDING->DCQCN_OWNED,,first_actionable_feedback,21005000,8685877489
1,30,20005000,0,,8685877489,8685877489,STARTUP_SENDING->DCQCN_OWNED,,first_actionable_feedback,21005000,8685877489
1,33,20005000,0,,8685877489,8685877489,STARTUP_SENDING->DCQCN_OWNED,,first_actionable_feedback,21005000,8685877489
1,34,20005000,0,,8685877489,8685877489,STARTUP_SENDING->DCQCN_OWNED,,first_actionable_feedback,21005000,8685877489
1,35,20005000,0,,8685877489,8685877489,STARTUP_SENDING->DCQCN_OWNED,,first_actionable_feedback,21005000,8685877489
1,40,20005000,0,,8685877489,8685877489,STARTUP_SENDING->DCQCN_OWNED,,first_actionable_feedback,21005000,8685877489
1,41,20005000,0,,8685877489,8685877489,STARTUP_SENDING->DCQCN_OWNED,,first_actionable_feedback,21005000,8685877489
1,42,20005000,0,,8685877489,8685877489,STARTUP_SENDING->DCQCN_OWNED,,first_actionable_feedback,21005000,8685877489
1,43,20005000,0,,8685877489,8685877489,STARTUP_SENDING->DCQCN_OWNED,,first_actionable_feedback,21005000,8685877489
1,47,20005000,0,,8685877489,8685877489,STARTUP_SENDING->DCQCN_OWNED,,first_actionable_feedback,21005000,8685877489
1,48,20005000,0,,8685877489,8685877489,STARTUP_SENDING->DCQCN_OWNED,,first_actionable_feedback,21005000,8685877489
1,50,20005000,0,,8685877489,8685877489,STARTUP_SENDING->DCQCN_OWNED,,first_actionable_feedback,21005000,8685877489
1,51,20005000,0,,8685877489,8685877489,STARTUP_SENDING->DCQCN_OWNED,,first_actionable_feedback,21005000,8685877489
1,54,20005000,0,,8685877489,8685877489,STARTUP_SENDING->DCQCN_OWNED,,first_actionable_feedback,21005000,8685877489
1,58,20005000,0,,8685877489,8685877489,STARTUP_SENDING->DCQCN_OWNED,,first_actionable_feedback,21005000,8685877489
1,59,20005000,0,,8685877489,8685877489,STARTUP_SENDING->DCQCN_OWNED,,first_actionable_feedback,21005000,8685877489
1,60,20005000,0,,8685877489,8685877489,STARTUP_SENDING->DCQCN_OWNED,,first_actionable_feedback,21005000,8685877489
1,61,20005000,0,,8685877489,8685877489,STARTUP_SENDING->DCQCN_OWNED,,first_actionable_feedback,21005000,8685877489
1,63,20005000,0,,8685877489,8685877489,STARTUP_SENDING->DCQCN_OWNED,,first_actionable_feedback,21005000,8685877489
1,47,20005000,0,,8685877489,0,DCQCN_OWNED->FINISHED,,flow_completed_capacity_release,21005000,8685877489
1,30,20005000,0,,8685877489,0,DCQCN_OWNED->FINISHED,,flow_completed_capacity_release,21005000,8685877489
1,33,20005000,0,,8685877489,0,DCQCN_OWNED->FINISHED,,flow_completed_capacity_release,21005000,8685877489
1,6,20005000,0,,8685877489,0,DCQCN_OWNED->FINISHED,,flow_completed_capacity_release,21005000,8685877489
1,24,20005000,0,,8685877489,0,DCQCN_OWNED->FINISHED,,flow_completed_capacity_release,21005000,8685877489
1,11,20005000,0,,8685877489,0,DCQCN_OWNED->FINISHED,,flow_completed_capacity_release,21005000,8685877489
1,63,20005000,0,,8685877489,0,DCQCN_OWNED->FINISHED,,flow_completed_capacity_release,21005000,8685877489
1,22,20005000,0,,8685877489,0,DCQCN_OWNED->FINISHED,,flow_completed_capacity_release,21005000,8685877489
1,3,20005000,0,,8685877489,0,DCQCN_OWNED->FINISHED,,flow_completed_capacity_release,21005000,8685877489
1,43,20005000,0,,8685877489,0,DCQCN_OWNED->FINISHED,,flow_completed_capacity_release,21005000,8685877489
1,41,20005000,0,,8685877489,0,DCQCN_OWNED->FINISHED,,flow_completed_capacity_release,21005000,8685877489
1,34,20005000,0,,8685877489,0,DCQCN_OWNED->FINISHED,,flow_completed_capacity_release,21005000,8685877489
1,14,20005000,0,,7696119244,0,DCQCN_OWNED->FINISHED,,flow_completed_capacity_release,20957889,7696119244
1,60,20005000,0,,8685877489,0,DCQCN_OWNED->FINISHED,,flow_completed_capacity_release,21005000,8685877489
1,35,20005000,0,,8685877489,0,DCQCN_OWNED->FINISHED,,flow_completed_capacity_release,21005000,8685877489
1,25,20005000,0,,8685877489,0,DCQCN_OWNED->FINISHED,,flow_completed_capacity_release,21005000,8685877489
1,54,20005000,0,,8685877489,0,DCQCN_OWNED->FINISHED,,flow_completed_capacity_release,21005000,8685877489
1,56,20005000,0,,7782860988,0,DCQCN_OWNED->FINISHED,,flow_completed_capacity_release,20897069,7782860988
1,4,20005000,0,,7588868117,0,DCQCN_OWNED->FINISHED,,flow_completed_capacity_release,20791369,7588868117
1,36,20005000,0,,7255019920,0,DCQCN_OWNED->FINISHED,,flow_completed_capacity_release,20756509,7255019920
1,50,20005000,0,,8685877489,0,DCQCN_OWNED->FINISHED,,flow_completed_capacity_release,21005000,8685877489
1,40,20005000,0,,8685877489,0,DCQCN_OWNED->FINISHED,,flow_completed_capacity_release,21005000,8685877489
1,26,20005000,0,,8685877489,0,DCQCN_OWNED->FINISHED,,flow_completed_capacity_release,21005000,8685877489
1,48,20005000,0,,8685877489,0,DCQCN_OWNED->FINISHED,,flow_completed_capacity_release,21005000,8685877489
1,23,20005000,0,,6501700980,0,DCQCN_OWNED->FINISHED,,flow_completed_capacity_release,20646189,6501700980
1,29,20005000,0,,7841503106,0,DCQCN_OWNED->FINISHED,,flow_completed_capacity_release,20973429,7841503106
1,19,20005000,0,,7255019920,0,DCQCN_OWNED->FINISHED,,flow_completed_capacity_release,20762909,7255019920
1,10,20005000,0,,7499146414,0,DCQCN_OWNED->FINISHED,,flow_completed_capacity_release,20771709,7499146414
1,52,20005000,0,,6501700980,0,DCQCN_OWNED->FINISHED,,flow_completed_capacity_release,20649209,6501700980
1,27,20005000,0,,6332764276,0,DCQCN_OWNED->FINISHED,,flow_completed_capacity_release,20629909,6332764276
1,59,20005000,0,,8685877489,0,DCQCN_OWNED->FINISHED,,flow_completed_capacity_release,21005000,8685877489
1,58,20005000,0,,8685877489,0,DCQCN_OWNED->FINISHED,,flow_completed_capacity_release,21005000,8685877489
1,15,20005000,0,,8233794552,0,DCQCN_OWNED->FINISHED,,flow_completed_capacity_release,20985629,8233794552
1,32,20005000,0,,6546461407,0,DCQCN_OWNED->FINISHED,,flow_completed_capacity_release,20651349,6546461407
1,51,20005000,0,,8685877489,0,DCQCN_OWNED->FINISHED,,flow_completed_capacity_release,21005000,8685877489
1,31,20005000,0,,7044174658,0,DCQCN_OWNED->FINISHED,,flow_completed_capacity_release,20725709,7044174658
1,28,20005000,0,,8089342016,0,DCQCN_OWNED->FINISHED,,flow_completed_capacity_release,20984809,8089342016
1,18,20005000,0,,7255019920,0,DCQCN_OWNED->FINISHED,,flow_completed_capacity_release,20764069,7255019920
1,20,20005000,0,,8685877489,0,DCQCN_OWNED->FINISHED,,flow_completed_capacity_release,21005000,8685877489
1,42,20005000,0,,8685877489,0,DCQCN_OWNED->FINISHED,,flow_completed_capacity_release,21005000,8685877489
1,9,20005000,0,,6857636238,0,DCQCN_OWNED->FINISHED,,flow_completed_capacity_release,20705349,6857636238
1,16,20005000,0,,6372302653,0,DCQCN_OWNED->FINISHED,,flow_completed_capacity_release,20643549,6372302653
1,62,20005000,0,,8089342016,0,DCQCN_OWNED->FINISHED,,flow_completed_capacity_release,20982329,8089342016
1,38,20005000,0,,6372302653,0,DCQCN_OWNED->FINISHED,,flow_completed_capacity_release,20640169,6372302653
1,17,20005000,0,,8685877489,0,DCQCN_OWNED->FINISHED,,flow_completed_capacity_release,21005000,8685877489
1,37,20005000,0,,6270764033,0,DCQCN_OWNED->FINISHED,,flow_completed_capacity_release,20574549,6270764033
1,21,20005000,0,,6642680676,0,DCQCN_OWNED->FINISHED,,flow_completed_capacity_release,20656269,6642680676
1,46,20005000,0,,8089342016,0,DCQCN_OWNED->FINISHED,,flow_completed_capacity_release,20980969,8089342016
1,39,20005000,0,,7841503106,0,DCQCN_OWNED->FINISHED,,flow_completed_capacity_release,20972569,7841503106
1,45,20005000,0,,6977996948,0,DCQCN_OWNED->FINISHED,,flow_completed_capacity_release,20722429,6977996948
1,57,20005000,0,,6270764033,0,DCQCN_OWNED->FINISHED,,flow_completed_capacity_release,20609569,6270764033
1,44,20005000,0,,6270764033,0,DCQCN_OWNED->FINISHED,,flow_completed_capacity_release,20609889,6270764033
1,1,20005000,0,,7683312014,0,DCQCN_OWNED->FINISHED,,flow_completed_capacity_release,20820729,7683312014
1,8,20005000,0,,7696119244,0,DCQCN_OWNED->FINISHED,,flow_completed_capacity_release,20955809,7696119244
1,61,20005000,0,,8685877489,0,DCQCN_OWNED->FINISHED,,flow_completed_capacity_release,21005000,8685877489
1,12,20005000,0,,6799317131,0,DCQCN_OWNED->FINISHED,,flow_completed_capacity_release,20697169,6799317131
1,64,20005000,0,,6372302653,0,DCQCN_OWNED->FINISHED,,flow_completed_capacity_release,20637989,6372302653
1,13,20005000,0,,7181042194,0,DCQCN_OWNED->FINISHED,,flow_completed_capacity_release,20746069,7181042194
1,53,20005000,0,,7856402070,0,DCQCN_OWNED->FINISHED,,flow_completed_capacity_release,20927769,7856402070
1,5,20005000,0,,6372302653,0,DCQCN_OWNED->FINISHED,,flow_completed_capacity_release,20638249,6372302653
1,2,20005000,0,,6270764033,0,DCQCN_OWNED->FINISHED,,flow_completed_capacity_release,20608689,6270764033
1,49,20005000,0,,6977996948,0,DCQCN_OWNED->FINISHED,,flow_completed_capacity_release,20717769,6977996948
1,7,20005000,0,,6799317131,0,DCQCN_OWNED->FINISHED,,flow_completed_capacity_release,20704109,6799317131
1,55,20005000,0,,6642680676,0,DCQCN_OWNED->FINISHED,,flow_completed_capacity_release,20658269,6642680676
