link_id,epoch,C_l,rho_C_l,C_effective_l,planner_grant_sum_bps,target_rate_sum_bps,applied_rate_sum_bps,actual_tx_rate_sum_bps,background_rate_bps,legacy_floor_rate_bps,flows_below_legacy_floor,floor_clamp_count,rate_clamp_delta_sum_bps,zero_grant_flow_count,paused_zero_grant_count,applied_capacity_excess_bps,applied_capacity_violation,actual_arrival_excess_bps
0,200002,10000000000,9500000000,9500000000,9541984732,9541984732,8000000000,8000000000,0,1702400000,0,0,0,0,0,0,0,0
0,200003,10000000000,9500000000,9500000000,9541984732,9541984732,8000000000,8000000000,0,1702400000,0,0,0,0,0,0,0,0
0,200004,10000000000,9500000000,9500000000,9541984732,9541984732,8000000000,8000000000,0,1702400000,0,0,0,0,0,0,0,0
0,200005,10000000000,9500000000,9500000000,9541984732,9541984732,8000000000,8000000000,0,1702400000,0,0,0,0,0,0,0,0
0,200006,10000000000,9500000000,9500000000,9541984732,9541984732,8000000000,6400000000,0,1702400000,0,0,0,0,0,0,0,0
0,200007,10000000000,9500000000,9500000000,9541984732,9541984732,8000000000,8000000000,0,1702400000,0,0,0,0,0,0,0,0
0,200008,10000000000,9500000000,9500000000,9541984732,9541984732,8000000000,8000000000,0,1702400000,0,0,0,0,0,0,0,0
0,200009,10000000000,9500000000,9500000000,9541984732,9541984732,8000000000,8000000000,0,1702400000,0,0,0,0,0,0,0,0
0,200010,10000000000,9500000000,9500000000,9541984732,9541984732,8000000000,6400000000,0,1702400000,0,0,0,0,0,0,0,0
0,200011,10000000000,9500000000,9500000000,9541984732,9541984732,8000000000,8000000000,0,1702400000,0,0,0,0,0,0,0,0
0,200012,10000000000,9500000000,9500000000,9541984732,9541984732,8000000000,8000000000,0,1702400000,0,0,0,0,0,0,0,0
0,200013,10000000000,9500000000,9500000000,9541984732,9541984732,8000000000,8000000000,0,1702400000,0,0,0,0,0,0,0,0
0,200014,10000000000,9500000000,9500000000,9541984732,9541984732,8000000000,8000000000,0,1702400000,0,0,0,0,0,0,0,0
0,200015,10000000000,9500000000,9500000000,9541984732,9541984732,8000000000,6400000000,0,1702400000,0,0,0,0,0,0,0,0
0,200016,10000000000,9500000000,9500000000,9541984732,9541984732,8000000000,8000000000,0,1702400000,0,0,0,0,0,0,0,0
0,200017,10000000000,9500000000,9500000000,9541984732,9541984732,8000000000,8000000000,0,1702400000,0,0,0,0,0,0,0,0
0,200018,10000000000,9500000000,9500000000,9541984732,9541984732,8000000000,8000000000,0,1702400000,0,0,0,0,0,0,0,0
0,200019,10000000000,9500000000,9500000000,9541984732,9541984732,8000000000,6400000000,0,1702400000,0,0,0,0,0,0,0,0
0,200020,10000000000,9500000000,9500000000,9541984732,9541984732,8000000000,8000000000,0,1702400000,0,0,0,0,0,0,0,0
0,200021,10000000000,9500000000,9500000000,9541984732,9541984732,8000000000,8000000000,0,1702400000,0,0,0,0,0,0,0,0
0,200022,10000000000,9500000000,9500000000,9541984732,9541984732,8000000000,8000000000,0,1702400000,0,0,0,0,0,0,0,0
0,200023,10000000000,9500000000,9500000000,9541984732,9541984732,8000000000,6400000000,0,1702400000,0,0,0,0,0,0,0,0
0,200024,10000000000,9500000000,9500000000,9541984732,9541984732,8000000000,8000000000,0,1702400000,0,0,0,0,0,0,0,0
0,200025,10000000000,9500000000,9500000000,9541984732,9541984732,8000000000,8000000000,0,1702400000,0,0,0,0,0,0,0,0
0,200026,10000000000,9500000000,9500000000,9541984732,9541984732,8000000000,8000000000,0,1702400000,0,0,0,0,0,0,0,0
0,200027,10000000000,9500000000,9500000000,9541984732,9541984732,8000000000,8000000000,0,1702400000,0,0,0,0,0,0,0,0
0,200028,10000000000,9500000000,9500000000,9541984732,9541984732,8000000000,6400000000,0,1702400000,0,0,0,0,0,0,0,0
0,200029,10000000000,9500000000,9500000000,9541984732,9541984732,8000000000,8000000000,0,1702400000,0,0,0,0,0,0,0,0
0,200030,10000000000,9500000000,9500000000,9541984732,9541984732,8000000000,8000000000,0,1702400000,0,0,0,0,0,0,0,0
0,200031,10000000000,9500000000,9500000000,9541984732,9541984732,8000000000,8000000000,0,1702400000,0,0,0,0,0,0,0,0
0,200032,10000000000,9500000000,9500000000,9541984732,9541984732,8000000000,6400000000,0,1702400000,0,0,0,0,0,0,0,0
0,200033,10000000000,9500000000,9500000000,9541984732,9541984732,8000000000,8000000000,0,1702400000,0,0,0,0,0,0,0,0
0,200034,10000000000,9500000000,9500000000,9541984732,9541984732,8000000000,8000000000,0,1702400000,0,0,0,0,0,0,0,0
0,200035,10000000000,9500000000,9500000000,9541984732,9541984732,8000000000,8000000000,0,1702400000,0,0,0,0,0,0,0,0
0,200036,10000000000,9500000000,9500000000,9541984732,9541984732,8000000000,6400000000,0,1702400000,0,0,0,0,0,0,0,0
0,200037,10000000000,9500000000,9500000000,9541984732,9541984732,8000000000,8000000000,0,1702400000,0,0,0,0,0,0,0,0
0,200038,10000000000,9500000000,9500000000,9541984732,9541984732,8000000000,8000000000,0,1702400000,0,0,0,0,0,0,0,0
0,200039,10000000000,9500000000,9500000000,9541984732,9541984732,8000000000,8000000000,0,1702400000,0,0,0,0,0,0,0,0
0,200040,10000000000,9500000000,9500000000,9541984732,9541984732,8000000000,8000000000,0,1702400000,0,0,0,0,0,0,0,0
0,200041,10000000000,9500000000,9500000000,9541984732,9541984732,8000000000,6400000000,0,1702400000,0,0,0,0,0,0,0,0
0,200042,10000000000,9500000000,9500000000,9541984732,9541984732,8000000000,8000000000,0,1702400000,0,0,0,0,0,0,0,0
0,200043,10000000000,9500000000,9500000000,9541984732,9541984732,8000000000,8000000000,0,1702400000,0,0,0,0,0,0,0,0
0,200044,10000000000,9500000000,9500000000,9541984732,9541984732,8000000000,8000000000,0,1702400000,0,0,0,0,0,0,0,0
0,200045,10000000000,9500000000,9500000000,9541984732,9541984732,8000000000,6400000000,0,1702400000,0,0,0,0,0,0,0,0
0,200046,10000000000,9500000000,9500000000,9541984732,9541984732,8000000000,8000000000,0,1702400000,0,0,0,0,0,0,0,0
0,200047,10000000000,9500000000,9500000000,9541984732,9541984732,8000000000,8000000000,0,1702400000,0,0,0,0,0,0,0,0
0,200048,10000000000,9500000000,9500000000,9541984732,9541984732,8000000000,8000000000,0,1702400000,0,0,0,0,0,0,0,0
0,200049,10000000000,9500000000,9500000000,9541984732,9541984732,8000000000,8000000000,0,1702400000,0,0,0,0,0,0,0,0
0,200050,10000000000,9500000000,9500000000,9541984732,9541984732,8000000000,6400000000,0,1702400000,0,0,0,0,0,0,0,0
0,200051,10000000000,9500000000,9500000000,9541984732,9541984732,8000000000,8000000000,0,1702400000,0,0,0,0,0,0,0,0
0,200052,10000000000,9500000000,9500000000,9541984732,9541984732,8000000000,8000000000,0,1702400000,0,0,0,0,0,0,0,0
0,200053,10000000000,9500000000,9500000000,9541984732,9541984732,8000000000,8000000000,0,1702400000,0,0,0,0,0,0,0,0
0,200054,10000000000,9500000000,9500000000,9541984732,9541984732,8000000000,6400000000,0,1702400000,0,0,0,0,0,0,0,0
0,200055,10000000000,9500000000,9500000000,9541984732,9541984732,8000000000,8000000000,0,1702400000,0,0,0,0,0,0,0,0
0,200056,10000000000,9500000000,9500000000,9541984732,9541984732,8000000000,8000000000,0,1702400000,0,0,0,0,0,0,0,0
0,200057,10000000000,9500000000,9500000000,9541984732,9541984732,8000000000,8000000000,0,1702400000,0,0,0,0,0,0,0,0
0,200058,10000000000,9500000000,9500000000,9541984732,9541984732,8000000000,6400000000,0,1702400000,0,0,0,0,0,0,0,0
0,200059,10000000000,9500000000,9500000000,9541984732,9541984732,8000000000,8000000000,0,1702400000,0,0,0,0,0,0,0,0
0,200060,10000000000,9500000000,9500000000,9541984732,9541984732,8000000000,8000000000,0,1702400000,0,0,0,0,0,0,0,0
0,200061,10000000000,9500000000,9500000000,9541984732,9541984732,8000000000,8000000000,0,1702400000,0,0,0,0,0,0,0,0
0,200062,10000000000,9500000000,9500000000,9541984732,9541984732,8000000000,8000000000,0,1702400000,0,0,0,0,0,0,0,0
0,200063,10000000000,9500000000,9500000000,9541984732,9541984732,8000000000,6400000000,0,1702400000,0,0,0,0,0,0,0,0
0,200064,10000000000,9500000000,9500000000,9541984732,9541984732,8000000000,8000000000,0,1702400000,0,0,0,0,0,0,0,0
0,200065,10000000000,9500000000,9500000000,9541984732,9541984732,8000000000,8000000000,0,1702400000,0,0,0,0,0,0,0,0
0,200066,10000000000,9500000000,9500000000,9541984732,9541984732,8000000000,8000000000,0,1702400000,0,0,0,0,0,0,0,0
0,200067,10000000000,9500000000,9500000000,9541984732,9541984732,8000000000,6400000000,0,1702400000,0,0,0,0,0,0,0,0
0,200068,10000000000,9500000000,9500000000,9541984732,9541984732,8000000000,8000000000,0,1702400000,0,0,0,0,0,0,0,0
0,200069,10000000000,9500000000,9500000000,9541984732,9541984732,8000000000,8000000000,0,1702400000,0,0,0,0,0,0,0,0
0,200070,10000000000,9500000000,9500000000,9541984732,9541984732,8000000000,8000000000,0,1702400000,0,0,0,0,0,0,0,0
0,200071,10000000000,9500000000,9500000000,9541984732,9541984732,8000000000,6400000000,0,1702400000,0,0,0,0,0,0,0,0
0,200072,10000000000,9500000000,9500000000,9541984732,9541984732,8000000000,8000000000,0,1702400000,0,0,0,0,0,0,0,0
0,200073,10000000000,9500000000,9500000000,9541984732,9541984732,8000000000,8000000000,0,1702400000,0,0,0,0,0,0,0,0
0,200074,10000000000,9500000000,9500000000,9541984732,9541984732,8000000000,8000000000,0,1702400000,0,0,0,0,0,0,0,0
0,200075,10000000000,9500000000,9500000000,9541984732,9541984732,8000000000,8000000000,0,1702400000,0,0,0,0,0,0,0,0
0,200076,10000000000,9500000000,9500000000,9541984732,9541984732,8000000000,6400000000,0,1702400000,0,0,0,0,0,0,0,0
0,200077,10000000000,9500000000,9500000000,9541984732,9541984732,8000000000,8000000000,0,1702400000,0,0,0,0,0,0,0,0
0,200078,10000000000,9500000000,9500000000,9541984732,9541984732,8000000000,8000000000,0,1702400000,0,0,0,0,0,0,0,0
0,200079,10000000000,9500000000,9500000000,9541984732,9541984732,8000000000,8000000000,0,1702400000,0,0,0,0,0,0,0,0
0,200080,10000000000,9500000000,9500000000,9541984732,9541984732,8000000000,6400000000,0,1702400000,0,0,0,0,0,0,0,0
0,200081,10000000000,9500000000,9500000000,9541984732,9541984732,8000000000,8000000000,0,1702400000,0,0,0,0,0,0,0,0
0,200082,10000000000,9500000000,9500000000,9541984732,9541984732,8000000000,8000000000,0,1702400000,0,0,0,0,0,0,0,0
0,200083,10000000000,9500000000,9500000000,9541984732,9541984732,8000000000,8000000000,0,1702400000,0,0,0,0,0,0,0,0
0,200084,10000000000,9500000000,9500000000,9541984732,9541984732,8000000000,6400000000,0,1702400000,0,0,0,0,0,0,0,0
0,200085,10000000000,9500000000,9500000000,9541984732,9541984732,8000000000,8000000000,0,1702400000,0,0,0,0,0,0,0,0
0,200086,10000000000,9500000000,9500000000,9541984732,9541984732,8000000000,8000000000,0,1702400000,0,0,0,0,0,0,0,0
0,200087,10000000000,9500000000,9500000000,9541984732,9541984732,8000000000,8000000000,0,1702400000,0,0,0,0,0,0,0,0
0,200088,10000000000,9500000000,9500000000,9541984732,9541984732,8000000000,8000000000,0,1702400000,0,0,0,0,0,0,0,0
0,200089,10000000000,9500000000,9500000000,9541984732,9541984732,8000000000,6400000000,0,1702400000,0,0,0,0,0,0,0,0
0,200090,10000000000,9500000000,9500000000,9541984732,9541984732,8000000000,8000000000,0,1702400000,0,0,0,0,0,0,0,0
0,200091,10000000000,9500000000,9500000000,9541984732,9541984732,8000000000,8000000000,0,1702400000,0,0,0,0,0,0,0,0
0,200092,10000000000,9500000000,9500000000,9541984732,9541984732,8000000000,8000000000,0,1702400000,0,0,0,0,0,0,0,0
0,200093,10000000000,9500000000,9500000000,9541984732,9541984732,8000000000,6400000000,0,1702400000,0,0,0,0,0,0,0,0
0,200094,10000000000,9500000000,9500000000,9541984732,9541984732,8000000000,8000000000,0,1702400000,0,0,0,0,0,0,0,0
0,200095,10000000000,9500000000,9500000000,9541984732,9541984732,8000000000,8000000000,0,1702400000,0,0,0,0,0,0,0,0
0,200096,10000000000,9500000000,9500000000,9541984732,9541984732,8000000000,8000000000,0,1702400000,0,0,0,0,0,0,0,0
0,200097,10000000000,9500000000,9500000000,9541984732,9541984732,8000000000,8000000000,0,1702400000,0,0,0,0,0,0,0,0
0,200098,10000000000,9500000000,9500000000,9541984732,9541984732,8000000000,6400000000,0,1702400000,0,0,0,0,0,0,0,0
0,200099,10000000000,9500000000,9500000000,9541984732,9541984732,8000000000,8000000000,0,1702400000,0,0,0,0,0,0,0,0
0,200100,10000000000,9500000000,9500000000,9541984732,9541984732,8000000000,8000000000,0,1702400000,0,0,0,0,0,0,0,0
0,200101,10000000000,9500000000,9500000000,9541984732,9541984732,8000000000,8000000000,0,1702400000,0,0,0,0,0,0,0,0
0,200102,10000000000,9500000000,9500000000,9541984732,9541984732,8000000000,6400000000,0,1702400000,0,0,0,0,0,0,0,0
0,200103,10000000000,9500000000,9500000000,9541984732,9541984732,8000000000,8000000000,0,1702400000,0,0,0,0,0,0,0,0
0,200104,10000000000,9500000000,9500000000,9541984732,9541984732,8000000000,8000000000,0,1702400000,0,0,0,0,0,0,0,0
0,200105,10000000000,9500000000,9500000000,9541984732,9541984732,8000000000,8000000000,0,1702400000,0,0,0,0,0,0,0,0
0,200106,10000000000,9500000000,9500000000,9541984732,9541984732,8000000000,6400000000,0,1702400000,0,0,0,0,0,0,0,0
0,200107,10000000000,9500000000,9500000000,9541984732,9541984732,8000000000,8000000000,0,1702400000,0,0,0,0,0,0,0,0
0,200108,10000000000,9500000000,9500000000,9541984732,9541984732,8000000000,8000000000,0,1702400000,0,0,0,0,0,0,0,0
0,200109,10000000000,9500000000,9500000000,9541984732,9541984732,8000000000,8000000000,0,1702400000,0,0,0,0,0,0,0,0
0,200110,10000000000,9500000000,9500000000,9541984732,9541984732,8000000000,8000000000,0,1702400000,0,0,0,0,0,0,0,0
0,200111,10000000000,9500000000,9500000000,9541984732,9541984732,8000000000,6400000000,0,1702400000,0,0,0,0,0,0,0,0
0,200112,10000000000,9500000000,9500000000,9541984732,9541984732,8000000000,8000000000,0,1702400000,0,0,0,0,0,0,0,0
0,200113,10000000000,9500000000,9500000000,9541984732,9541984732,8000000000,8000000000,0,1702400000,0,0,0,0,0,0,0,0
0,200114,10000000000,9500000000,9500000000,9541984732,9541984732,8000000000,8000000000,0,1702400000,0,0,0,0,0,0,0,0
0,200115,10000000000,9500000000,9500000000,9541984732,9541984732,8000000000,6400000000,0,1702400000,0,0,0,0,0,0,0,0
0,200116,10000000000,9500000000,9500000000,9541984732,9541984732,8000000000,8000000000,0,1702400000,0,0,0,0,0,0,0,0
0,200117,10000000000,9500000000,9500000000,9541984732,9541984732,8000000000,8000000000,0,1702400000,0,0,0,0,0,0,0,0
0,200118,10000000000,9500000000,9500000000,9541984732,9541984732,8000000000,8000000000,0,1702400000,0,0,0,0,0,0,0,0
0,200119,10000000000,9500000000,9500000000,9541984732,9541984732,8000000000,6400000000,0,1702400000,0,0,0,0,0,0,0,0
0,200120,10000000000,9500000000,9500000000,9541984732,9541984732,8000000000,8000000000,0,1702400000,0,0,0,0,0,0,0,0
0,200121,10000000000,9500000000,9500000000,9541984732,9541984732,8000000000,8000000000,0,1702400000,0,0,0,0,0,0,0,0
0,200122,10000000000,9500000000,9500000000,9541984732,9541984732,8000000000,8000000000,0,1702400000,0,0,0,0,0,0,0,0
0,200123,10000000000,9500000000,9500000000,9541984732,9541984732,8000000000,8000000000,0,1702400000,0,0,0,0,0,0,0,0
0,200124,10000000000,9500000000,9500000000,9541984732,9541984732,8000000000,6400000000,0,1702400000,0,0,0,0,0,0,0,0
0,200125,10000000000,9500000000,9500000000,9541984732,9541984732,8000000000,8000000000,0,1702400000,0,0,0,0,0,0,0,0
0,200126,10000000000,9500000000,9500000000,9541984732,9541984732,8000000000,8000000000,0,1702400000,0,0,0,0,0,0,0,0
0,200127,10000000000,9500000000,9500000000,9541984732,9541984732,8000000000,8000000000,0,1702400000,0,0,0,0,0,0,0,0
0,200128,10000000000,9500000000,9500000000,9541984732,9541984732,8000000000,6400000000,0,1702400000,0,0,0,0,0,0,0,0
0,200129,10000000000,9500000000,9500000000,9541984732,9541984732,8000000000,8000000000,0,1702400000,0,0,0,0,0,0,0,0
0,200130,10000000000,9500000000,9500000000,9541984732,9541984732,8000000000,8000000000,0,1702400000,0,0,0,0,0,0,0,0
0,200131,10000000000,9500000000,9500000000,9541984732,9541984732,8000000000,8000000000,0,1702400000,0,0,0,0,0,0,0,0
0,200132,10000000000,9500000000,9500000000,9541984732,9541984732,8000000000,6400000000,0,1702400000,0,0,0,0,0,0,0,0
0,200133,10000000000,9500000000,9500000000,9541984732,9541984732,8000000000,8000000000,0,1702400000,0,0,0,0,0,0,0,0
0,200134,10000000000,9500000000,9500000000,9541984732,9541984732,8000000000,8000000000,0,1702400000,0,0,0,0,0,0,0,0
0,200135,10000000000,9500000000,9500000000,9541984732,9541984732,8000000000,8000000000,0,1702400000,0,0,0,0,0,0,0,0
0,200136,10000000000,9500000000,9500000000,9541984732,9541984732,8000000000,8000000000,0,1702400000,0,0,0,0,0,0,0,0
0,200137,10000000000,9500000000,9500000000,9541984732,9541984732,8000000000,6400000000,0,1702400000,0,0,0,0,0,0,0,0
0,200138,10000000000,9500000000,9500000000,9541984732,9541984732,8000000000,8000000000,0,1702400000,0,0,0,0,0,0,0,0
0,200139,10000000000,9500000000,9500000000,9541984732,9541984732,8000000000,8000000000,0,1702400000,0,0,0,0,0,0,0,0
0,200140,10000000000,9500000000,9500000000,9541984732,9541984732,8000000000,8000000000,0,1702400000,0,0,0,0,0,0,0,0
0,200141,10000000000,9500000000,9500000000,9541984732,9541984732,8000000000,6400000000,0,1702400000,0,0,0,0,0,0,0,0
0,200142,10000000000,9500000000,9500000000,9541984732,9541984732,8000000000,8000000000,0,1702400000,0,0,0,0,0,0,0,0
0,200143,10000000000,9500000000,9500000000,9541984732,9541984732,8000000000,8000000000,0,1702400000,0,0,0,0,0,0,0,0
0,200144,10000000000,9500000000,9500000000,9541984732,9541984732,8000000000,8000000000,0,1702400000,0,0,0,0,0,0,0,0
0,200145,10000000000,9500000000,9500000000,9541984732,9541984732,8000000000,8000000000,0,1702400000,0,0,0,0,0,0,0,0
0,200146,10000000000,9500000000,9500000000,9541984732,9541984732,8000000000,6400000000,0,1702400000,0,0,0,0,0,0,0,0
0,200147,10000000000,9500000000,9500000000,9541984732,9541984732,8000000000,8000000000,0,1702400000,0,0,0,0,0,0,0,0
0,200148,10000000000,9500000000,9500000000,9541984732,9541984732,8000000000,8000000000,0,1702400000,0,0,0,0,0,0,0,0
0,200149,10000000000,9500000000,9500000000,9541984732,9541984732,8000000000,8000000000,0,1702400000,0,0,0,0,0,0,0,0
0,200150,10000000000,9500000000,9500000000,9541984732,9541984732,8000000000,6400000000,0,1702400000,0,0,0,0,0,0,0,0
0,200151,10000000000,9500000000,9500000000,9541984732,9541984732,8000000000,8000000000,0,1702400000,0,0,0,0,0,0,0,0
0,200152,10000000000,9500000000,9500000000,9541984732,9541984732,8000000000,8000000000,0,1702400000,0,0,0,0,0,0,0,0
0,200153,10000000000,9500000000,9500000000,9541984732,9541984732,8000000000,8000000000,0,1702400000,0,0,0,0,0,0,0,0
0,200154,10000000000,9500000000,9500000000,9541984732,9541984732,8000000000,6400000000,0,1702400000,0,0,0,0,0,0,0,0
0,200155,10000000000,9500000000,9500000000,9541984732,9541984732,8000000000,8000000000,0,1702400000,0,0,0,0,0,0,0,0
0,200156,10000000000,9500000000,9500000000,9541984732,9541984732,8000000000,8000000000,0,1702400000,0,0,0,0,0,0,0,0
0,200157,10000000000,9500000000,9500000000,9541984732,9541984732,8000000000,8000000000,0,1702400000,0,0,0,0,0,0,0,0
0,200158,10000000000,9500000000,9500000000,9541984732,9541984732,8000000000,8000000000,0,1702400000,0,0,0,0,0,0,0,0
0,200159,10000000000,9500000000,9500000000,9541984732,9541984732,8000000000,6400000000,0,1702400000,0,0,0,0,0,0,0,0
0,200160,10000000000,9500000000,9500000000,9541984732,9541984732,8000000000,8000000000,0,1702400000,0,0,0,0,0,0,0,0
0,200161,10000000000,9500000000,9500000000,9541984732,9541984732,8000000000,8000000000,0,1702400000,0,0,0,0,0,0,0,0
0,200162,10000000000,9500000000,9500000000,9541984732,9541984732,8000000000,8000000000,0,1702400000,0,0,0,0,0,0,0,0
0,200163,10000000000,9500000000,9500000000,9541984732,9541984732,8000000000,6400000000,0,1702400000,0,0,0,0,0,0,0,0
0,200164,10000000000,9500000000,9500000000,9541984732,9541984732,8000000000,8000000000,0,1702400000,0,0,0,0,0,0,0,0
0,200165,10000000000,9500000000,9500000000,9541984732,9541984732,8000000000,8000000000,0,1702400000,0,0,0,0,0,0,0,0
0,200166,10000000000,9500000000,9500000000,9541984732,9541984732,8000000000,8000000000,0,1702400000,0,0,0,0,0,0,0,0
0,200167,10000000000,9500000000,9500000000,9541984732,9541984732,8000000000,6400000000,0,1702400000,0,0,0,0,0,0,0,0
0,200168,10000000000,9500000000,9500000000,9541984732,9541984732,8000000000,8000000000,0,1702400000,0,0,0,0,0,0,0,0
0,200169,10000000000,9500000000,9500000000,9541984732,9541984732,8000000000,8000000000,0,1702400000,0,0,0,0,0,0,0,0
0,200170,10000000000,9500000000,9500000000,9541984732,9541984732,8000000000,8000000000,0,1702400000,0,0,0,0,0,0,0,0
0,200171,10000000000,9500000000,9500000000,9541984732,9541984732,8000000000,8000000000,0,1702400000,0,0,0,0,0,0,0,0
0,200172,10000000000,9500000000,9500000000,9541984732,9541984732,8000000000,6400000000,0,1702400000,0,0,0,0,0,0,0,0
0,200173,10000000000,9500000000,9500000000,9541984732,9541984732,8000000000,8000000000,0,1702400000,0,0,0,0,0,0,0,0
0,200174,10000000000,9500000000,9500000000,9541984732,9541984732,8000000000,8000000000,0,1702400000,0,0,0,0,0,0,0,0
0,200175,10000000000,9500000000,9500000000,9541984732,9541984732,8000000000,8000000000,0,1702400000,0,0,0,0,0,0,0,0
0,200176,10000000000,9500000000,9500000000,9541984732,9541984732,8000000000,6400000000,0,1702400000,0,0,0,0,0,0,0,0
0,200177,10000000000,9500000000,9500000000,9541984732,9541984732,8000000000,8000000000,0,1702400000,0,0,0,0,0,0,0,0
0,200178,10000000000,9500000000,9500000000,9541984732,9541984732,8000000000,8000000000,0,1702400000,0,0,0,0,0,0,0,0
0,200179,10000000000,9500000000,9500000000,9541984732,9541984732,8000000000,8000000000,0,1702400000,0,0,0,0,0,0,0,0
0,200180,10000000000,9500000000,9500000000,9541984732,9541984732,8000000000,8000000000,0,1702400000,0,0,0,0,0,0,0,0
0,200181,10000000000,9500000000,9500000000,9541984732,9541984732,8000000000,6400000000,0,1702400000,0,0,0,0,0,0,0,0
0,200182,10000000000,9500000000,9500000000,9541984732,9541984732,8000000000,8000000000,0,1702400000,0,0,0,0,0,0,0,0
0,200183,10000000000,9500000000,9500000000,9541984732,9541984732,8000000000,8000000000,0,1702400000,0,0,0,0,0,0,0,0
0,200184,10000000000,9500000000,9500000000,9541984732,9541984732,8000000000,8000000000,0,1702400000,0,0,0,0,0,0,0,0
0,200185,10000000000,9500000000,9500000000,9541984732,9541984732,8000000000,6400000000,0,1702400000,0,0,0,0,0,0,0,0
0,200186,10000000000,9500000000,9500000000,9541984732,9541984732,8000000000,8000000000,0,1702400000,0,0,0,0,0,0,0,0
0,200187,10000000000,9500000000,9500000000,9541984732,9541984732,8000000000,8000000000,0,1702400000,0,0,0,0,0,0,0,0
0,200188,10000000000,9500000000,9500000000,9541984732,9541984732,8000000000,8000000000,0,1702400000,0,0,0,0,0,0,0,0
0,200189,10000000000,9500000000,9500000000,9541984732,9541984732,8000000000,6400000000,0,1702400000,0,0,0,0,0,0,0,0
0,200190,10000000000,9500000000,9500000000,9541984732,9541984732,8000000000,8000000000,0,1702400000,0,0,0,0,0,0,0,0
0,200191,10000000000,9500000000,9500000000,9541984732,9541984732,8000000000,8000000000,0,1702400000,0,0,0,0,0,0,0,0
0,200192,10000000000,9500000000,9500000000,9541984732,9541984732,8000000000,8000000000,0,1702400000,0,0,0,0,0,0,0,0
0,200193,10000000000,9500000000,9500000000,9541984732,9541984732,8000000000,8000000000,0,1702400000,0,0,0,0,0,0,0,0
0,200194,10000000000,9500000000,9500000000,9541984732,9541984732,8000000000,6400000000,0,1702400000,0,0,0,0,0,0,0,0
0,200195,10000000000,9500000000,9500000000,9541984732,9541984732,8000000000,8000000000,0,1702400000,0,0,0,0,0,0,0,0
0,200196,10000000000,9500000000,9500000000,9541984732,9541984732,8000000000,8000000000,0,1702400000,0,0,0,0,0,0,0,0
0,200197,10000000000,9500000000,9500000000,9541984732,9541984732,8000000000,8000000000,0,1702400000,0,0,0,0,0,0,0,0
0,200198,10000000000,9500000000,9500000000,9541984732,9541984732,8000000000,6400000000,0,1702400000,0,0,0,0,0,0,0,0
0,200199,10000000000,9500000000,9500000000,9541984732,9541984732,8000000000,8000000000,0,1702400000,0,0,0,0,0,0,0,0
0,200200,10000000000,9500000000,9500000000,9541984732,9541984732,8000000000,8000000000,0,1702400000,0,0,0,0,0,0,0,0
0,400002,10000000000,9500000000,9500000000,8741984704,8741984704,8741984704,102400000000,0,1702400000,64,0,0,0,0,0,0,92900000000
0,400003,10000000000,9500000000,9500000000,8741984704,8741984704,8741984704,0,0,1702400000,64,0,0,0,0,0,0,0
0,400004,10000000000,9500000000,9500000000,8741984704,8741984704,8741984704,0,0,1702400000,64,0,0,0,0,0,0,0
0,400005,10000000000,9500000000,9500000000,8741984704,8741984704,8741984704,0,0,1702400000,64,0,0,0,0,0,0,0
0,400006,10000000000,9500000000,9500000000,8741984704,8741984704,8741984704,0,0,1702400000,64,0,0,0,0,0,0,0
0,400007,10000000000,9500000000,9500000000,8741984704,8741984704,8741984704,0,0,1702400000,64,0,0,0,0,0,0,0
0,400008,10000000000,9500000000,9500000000,8741984704,8741984704,8741984704,0,0,1702400000,64,0,0,0,0,0,0,0
0,400009,10000000000,9500000000,9500000000,8741984704,8741984704,8741984704,0,0,1702400000,64,0,0,0,0,0,0,0
0,400010,10000000000,9500000000,9500000000,8741984704,8741984704,8741984704,0,0,1702400000,64,0,0,0,0,0,0,0
0,400011,10000000000,9500000000,9500000000,8741984704,8741984704,8741984704,0,0,1702400000,64,0,0,0,0,0,0,0
0,400012,10000000000,9500000000,9500000000,8741984704,8741984704,8741984704,0,0,1702400000,64,0,0,0,0,0,0,0
0,400013,10000000000,9500000000,9500000000,8741984704,8741984704,8741984704,0,0,1702400000,64,0,0,0,0,0,0,0
0,400014,10000000000,9500000000,9500000000,8741984704,8741984704,8741984704,102400000000,0,1702400000,64,0,0,0,0,0,0,92900000000
0,400015,10000000000,9500000000,9500000000,8741984704,8741984704,8741984704,0,0,1702400000,64,0,0,0,0,0,0,0
0,400016,10000000000,9500000000,9500000000,8741984704,8741984704,8741984704,0,0,1702400000,64,0,0,0,0,0,0,0
0,400017,10000000000,9500000000,9500000000,8741984704,8741984704,8741984704,0,0,1702400000,64,0,0,0,0,0,0,0
0,400018,10000000000,9500000000,9500000000,8741984704,8741984704,8741984704,0,0,1702400000,64,0,0,0,0,0,0,0
0,400019,10000000000,9500000000,9500000000,8741984704,8741984704,9398275392,0,0,1702400000,64,64,656290688,0,0,0,0,0
0,400020,10000000000,9500000000,9500000000,8741984704,8741984704,9548792768,0,0,1702400000,64,64,806808064,0,0,48792768,1,0
0,400021,10000000000,9500000000,9500000000,8741984704,8741984704,9548792768,0,0,1702400000,64,64,806808064,0,0,48792768,1,0
0,400022,10000000000,9500000000,9500000000,8741984704,8741984704,9548792768,0,0,1702400000,64,64,806808064,0,0,48792768,1,0
0,400023,10000000000,9500000000,9500000000,8741984704,8741984704,9548792768,0,0,1702400000,64,64,806808064,0,0,48792768,1,0
0,400024,10000000000,9500000000,9500000000,8741984704,8741984704,9548792768,0,0,1702400000,64,64,806808064,0,0,48792768,1,0
0,400025,10000000000,9500000000,9500000000,8741984704,8741984704,9548792768,102400000000,0,1702400000,64,64,806808064,0,0,48792768,1,92900000000
0,400026,10000000000,9500000000,9500000000,8741984704,8741984704,9548792768,0,0,1702400000,64,64,806808064,0,0,48792768,1,0
0,400027,10000000000,9500000000,9500000000,8741984704,8741984704,9548792768,0,0,1702400000,64,64,806808064,0,0,48792768,1,0
0,400028,10000000000,9500000000,9500000000,8741984704,8741984704,9548792768,0,0,1702400000,64,64,806808064,0,0,48792768,1,0
0,400029,10000000000,9500000000,9500000000,8741984704,8741984704,9548792768,0,0,1702400000,64,64,806808064,0,0,48792768,1,0
0,400030,10000000000,9500000000,9500000000,8741984704,8741984704,9548792768,0,0,1702400000,64,64,806808064,0,0,48792768,1,0
0,400031,10000000000,9500000000,9500000000,8741984704,8741984704,9548792768,0,0,1702400000,64,64,806808064,0,0,48792768,1,0
0,400032,10000000000,9500000000,9500000000,8741984704,8741984704,9548792768,0,0,1702400000,64,64,806808064,0,0,48792768,1,0
0,400033,10000000000,9500000000,9500000000,8741984704,8741984704,9548792768,0,0,1702400000,64,64,806808064,0,0,48792768,1,0
0,400034,10000000000,9500000000,9500000000,8741984704,8741984704,9548792768,0,0,1702400000,64,64,806808064,0,0,48792768,1,0
0,400035,10000000000,9500000000,9500000000,8741984704,8741984704,9548792768,0,0,1702400000,64,64,806808064,0,0,48792768,1,0
0,400036,10000000000,9500000000,9500000000,8741984704,8741984704,9898832832,102400000000,0,1702400000,64,64,1156848128,0,0,398832832,1,92900000000
0,400037,10000000000,9500000000,9500000000,8741984704,8741984704,9898832832,0,0,1702400000,64,64,1156848128,0,0,398832832,1,0
0,400038,10000000000,9500000000,9500000000,8741984704,8741984704,9898832832,0,0,1702400000,64,64,1156848128,0,0,398832832,1,0
0,400039,10000000000,9500000000,9500000000,8741984704,8741984704,9898832832,0,0,1702400000,64,64,1156848128,0,0,398832832,1,0
0,400040,10000000000,9500000000,9500000000,8741984704,8741984704,9898832832,0,0,1702400000,64,64,1156848128,0,0,398832832,1,0
0,400041,10000000000,9500000000,9500000000,8741984704,8741984704,9898832832,0,0,1702400000,64,64,1156848128,0,0,398832832,1,0
0,400042,10000000000,9500000000,9500000000,8741984704,8741984704,9898832832,0,0,1702400000,64,64,1156848128,0,0,398832832,1,0
0,400043,10000000000,9500000000,9500000000,8741984704,8741984704,9898832832,0,0,1702400000,64,64,1156848128,0,0,398832832,1,0
0,400044,10000000000,9500000000,9500000000,8741984704,8741984704,9898832832,0,0,1702400000,64,64,1156848128,0,0,398832832,1,0
0,400045,10000000000,9500000000,9500000000,8741984704,8741984704,9898832832,0,0,1702400000,64,64,1156848128,0,0,398832832,1,0
0,400046,10000000000,9500000000,9500000000,8741984704,8741984704,9898832832,0,0,1702400000,64,64,1156848128,0,0,398832832,1,0
0,400047,10000000000,9500000000,9500000000,8741984704,8741984704,9898832832,102400000000,0,1702400000,64,64,1156848128,0,0,398832832,1,92900000000
0,400048,10000000000,9500000000,9500000000,8741984704,8741984704,9898832832,0,0,1702400000,64,64,1156848128,0,0,398832832,1,0
0,400049,10000000000,9500000000,9500000000,8741984704,8741984704,9898832832,0,0,1702400000,64,64,1156848128,0,0,398832832,1,0
0,400050,10000000000,9500000000,9500000000,8741984704,8741984704,9898832832,0,0,1702400000,64,64,1156848128,0,0,398832832,1,0
0,400051,10000000000,9500000000,9500000000,8741984704,8741984704,9898832832,0,0,1702400000,64,64,1156848128,0,0,398832832,1,0
0,400052,10000000000,9500000000,9500000000,8741984704,8741984704,9898832832,0,0,1702400000,64,64,1156848128,0,0,398832832,1,0
0,400053,10000000000,9500000000,9500000000,8741984704,8741984704,9898832832,0,0,1702400000,64,64,1156848128,0,0,398832832,1,0
0,400054,10000000000,9500000000,9500000000,8741984704,8741984704,9898832832,0,0,1702400000,64,64,1156848128,0,0,398832832,1,0
0,400055,10000000000,9500000000,9500000000,8741984704,8741984704,9898832832,0,0,1702400000,64,64,1156848128,0,0,398832832,1,0
0,400056,10000000000,9500000000,9500000000,8741984704,8741984704,9898832832,0,0,1702400000,64,64,1156848128,0,0,398832832,1,0
0,400057,10000000000,9500000000,9500000000,8741984704,8741984704,9898832832,0,0,1702400000,64,64,1156848128,0,0,398832832,1,0
0,400058,10000000000,9500000000,9500000000,8741984704,8741984704,9898832832,102400000000,0,1702400000,64,64,1156848128,0,0,398832832,1,92900000000
0,400059,10000000000,9500000000,9500000000,8741984704,8741984704,9898832832,0,0,1702400000,64,64,1156848128,0,0,398832832,1,0
0,400060,10000000000,9500000000,9500000000,8741984704,8741984704,9898832832,0,0,1702400000,64,64,1156848128,0,0,398832832,1,0
0,400061,10000000000,9500000000,9500000000,8741984704,8741984704,9898832832,0,0,1702400000,64,64,1156848128,0,0,398832832,1,0
0,400062,10000000000,9500000000,9500000000,8741984704,8741984704,9898832832,0,0,1702400000,64,64,1156848128,0,0,398832832,1,0
0,400063,10000000000,9500000000,9500000000,8741984704,8741984704,9898832832,0,0,1702400000,64,64,1156848128,0,0,398832832,1,0
0,400064,10000000000,9500000000,9500000000,8741984704,8741984704,9898832832,0,0,1702400000,64,64,1156848128,0,0,398832832,1,0
0,400065,10000000000,9500000000,9500000000,8741984704,8741984704,9898832832,0,0,1702400000,64,64,1156848128,0,0,398832832,1,0
0,400066,10000000000,9500000000,9500000000,8741984704,8741984704,9898832832,0,0,1702400000,64,64,1156848128,0,0,398832832,1,0
0,400067,10000000000,9500000000,9500000000,8741984704,8741984704,9898832832,0,0,1702400000,64,64,1156848128,0,0,398832832,1,0
0,400068,10000000000,9500000000,9500000000,8741984704,8741984704,9898832832,0,0,1702400000,64,64,1156848128,0,0,398832832,1,0
0,400069,10000000000,9500000000,9500000000,8741984704,8741984704,9898832832,102400000000,0,1702400000,64,64,1156848128,0,0,398832832,1,92900000000
0,400070,10000000000,9500000000,9500000000,8741984704,8741984704,9898832832,0,0,1702400000,64,64,1156848128,0,0,398832832,1,0
0,400071,10000000000,9500000000,9500000000,8741984704,8741984704,9898832832,0,0,1702400000,64,64,1156848128,0,0,398832832,1,0
0,400072,10000000000,9500000000,9500000000,8741984704,8741984704,9898832832,0,0,1702400000,64,64,1156848128,0,0,398832832,1,0
0,400073,10000000000,9500000000,9500000000,8741984704,8741984704,9898832832,0,0,1702400000,64,64,1156848128,0,0,398832832,1,0
0,400074,10000000000,9500000000,9500000000,8741984704,8741984704,9898832832,0,0,1702400000,64,64,1156848128,0,0,398832832,1,0
0,400075,10000000000,9500000000,9500000000,8741984704,8741984704,9898832832,0,0,1702400000,64,64,1156848128,0,0,398832832,1,0
0,400076,10000000000,9500000000,9500000000,8741984704,8741984704,9898832832,0,0,1702400000,64,64,1156848128,0,0,398832832,1,0
0,400077,10000000000,9500000000,9500000000,8741984704,8741984704,9898832832,0,0,1702400000,64,64,1156848128,0,0,398832832,1,0
0,400078,10000000000,9500000000,9500000000,8741984704,8741984704,9898832832,0,0,1702400000,64,64,1156848128,0,0,398832832,1,0
0,400079,10000000000,9500000000,9500000000,8741984704,8741984704,9898832832,0,0,1702400000,64,64,1156848128,0,0,398832832,1,0
0,400080,10000000000,9500000000,9500000000,8741984704,8741984704,9898832832,102400000000,0,1702400000,64,64,1156848128,0,0,398832832,1,92900000000
0,400081,10000000000,9500000000,9500000000,8741984704,8741984704,9898832832,0,0,1702400000,64,64,1156848128,0,0,398832832,1,0
0,400082,10000000000,9500000000,9500000000,8741984704,8741984704,9898832832,0,0,1702400000,64,64,1156848128,0,0,398832832,1,0
0,400083,10000000000,9500000000,9500000000,8741984704,8741984704,9898832832,0,0,1702400000,64,64,1156848128,0,0,398832832,1,0
0,400084,10000000000,9500000000,9500000000,8741984704,8741984704,9898832832,0,0,1702400000,64,64,1156848128,0,0,398832832,1,0
0,400085,10000000000,9500000000,9500000000,8741984704,8741984704,9898832832,0,0,1702400000,64,64,1156848128,0,0,398832832,1,0
0,400086,10000000000,9500000000,9500000000,8741984704,8741984704,9898832832,0,0,1702400000,64,64,1156848128,0,0,398832832,1,0
0,400087,10000000000,9500000000,9500000000,8741984704,8741984704,9898832832,0,0,1702400000,64,64,1156848128,0,0,398832832,1,0
0,400088,10000000000,9500000000,9500000000,8741984704,8741984704,9898832832,0,0,1702400000,64,64,1156848128,0,0,398832832,1,0
0,400089,10000000000,9500000000,9500000000,8741984704,8741984704,9898832832,0,0,1702400000,64,64,1156848128,0,0,398832832,1,0
0,400090,10000000000,9500000000,9500000000,8741984704,8741984704,9898832832,102400000000,0,1702400000,64,64,1156848128,0,0,398832832,1,92900000000
0,400091,10000000000,9500000000,9500000000,8741984704,8741984704,9898832832,0,0,1702400000,64,64,1156848128,0,0,398832832,1,0
0,400092,10000000000,9500000000,9500000000,8741984704,8741984704,9898832832,0,0,1702400000,64,64,1156848128,0,0,398832832,1,0
0,400093,10000000000,9500000000,9500000000,8741984704,8741984704,9898832832,0,0,1702400000,64,64,1156848128,0,0,398832832,1,0
0,400094,10000000000,9500000000,9500000000,8741984704,8741984704,9898832832,0,0,1702400000,64,64,1156848128,0,0,398832832,1,0
0,400095,10000000000,9500000000,9500000000,8741984704,8741984704,9898832832,0,0,1702400000,64,64,1156848128,0,0,398832832,1,0
0,400096,10000000000,9500000000,9500000000,8741984704,8741984704,9898832832,0,0,1702400000,64,64,1156848128,0,0,398832832,1,0
0,400097,10000000000,9500000000,9500000000,8741984704,8741984704,9898832832,0,0,1702400000,64,64,1156848128,0,0,398832832,1,0
0,400098,10000000000,9500000000,9500000000,8741984704,8741984704,9898832832,0,0,1702400000,64,64,1156848128,0,0,398832832,1,0
0,400099,10000000000,9500000000,9500000000,8741984704,8741984704,9898832832,0,0,1702400000,64,64,1156848128,0,0,398832832,1,0
0,400100,10000000000,9500000000,9500000000,8741984704,8741984704,9898832832,0,0,1702400000,64,64,1156848128,0,0,398832832,1,0
0,400101,10000000000,9500000000,9500000000,8741984704,8741984704,9898832832,102400000000,0,1702400000,64,64,1156848128,0,0,398832832,1,92900000000
0,400102,10000000000,9500000000,9500000000,8741984704,8741984704,9898832832,0,0,1702400000,64,64,1156848128,0,0,398832832,1,0
0,400103,10000000000,9500000000,9500000000,8741984704,8741984704,9898832832,0,0,1702400000,64,64,1156848128,0,0,398832832,1,0
0,400104,10000000000,9500000000,9500000000,8741984704,8741984704,9898832832,0,0,1702400000,64,64,1156848128,0,0,398832832,1,0
0,400105,10000000000,9500000000,9500000000,8741984704,8741984704,9898832832,0,0,1702400000,64,64,1156848128,0,0,398832832,1,0
0,400106,10000000000,9500000000,9500000000,8741984704,8741984704,9898832832,0,0,1702400000,64,64,1156848128,0,0,398832832,1,0
0,400107,10000000000,9500000000,9500000000,8741984704,8741984704,9898832832,0,0,1702400000,64,64,1156848128,0,0,398832832,1,0
0,400108,10000000000,9500000000,9500000000,8741984704,8741984704,9898832832,0,0,1702400000,64,64,1156848128,0,0,398832832,1,0
0,400109,10000000000,9500000000,9500000000,8741984704,8741984704,9898832832,0,0,1702400000,64,64,1156848128,0,0,398832832,1,0
0,400110,10000000000,9500000000,9500000000,8741984704,8741984704,9898832832,0,0,1702400000,64,64,1156848128,0,0,398832832,1,0
0,400111,10000000000,9500000000,9500000000,8741984704,8741984704,9898832832,0,0,1702400000,64,64,1156848128,0,0,398832832,1,0
0,400112,10000000000,9500000000,9500000000,8741984704,8741984704,9898832832,102400000000,0,1702400000,64,64,1156848128,0,0,398832832,1,92900000000
0,400113,10000000000,9500000000,9500000000,8741984704,8741984704,9898832832,0,0,1702400000,64,64,1156848128,0,0,398832832,1,0
0,400114,10000000000,9500000000,9500000000,8741984704,8741984704,9898832832,0,0,1702400000,64,64,1156848128,0,0,398832832,1,0
0,400115,10000000000,9500000000,9500000000,8741984704,8741984704,9898832832,0,0,1702400000,64,64,1156848128,0,0,398832832,1,0
0,400116,10000000000,9500000000,9500000000,8741984704,8741984704,9898832832,0,0,1702400000,64,64,1156848128,0,0,398832832,1,0
0,400117,10000000000,9500000000,9500000000,8741984704,8741984704,9898832832,0,0,1702400000,64,64,1156848128,0,0,398832832,1,0
0,400118,10000000000,9500000000,9500000000,8741984704,8741984704,9898832832,0,0,1702400000,64,64,1156848128,0,0,398832832,1,0
0,400119,10000000000,9500000000,9500000000,8741984704,8741984704,9898832832,0,0,1702400000,64,64,1156848128,0,0,398832832,1,0
0,400120,10000000000,9500000000,9500000000,8741984704,8741984704,9898832832,0,0,1702400000,64,64,1156848128,0,0,398832832,1,0
0,400121,10000000000,9500000000,9500000000,8741984704,8741984704,9898832832,0,0,1702400000,64,64,1156848128,0,0,398832832,1,0
0,400122,10000000000,9500000000,9500000000,8741984704,8741984704,9898832832,0,0,1702400000,64,64,1156848128,0,0,398832832,1,0
0,400123,10000000000,9500000000,9500000000,8741984704,8741984704,9898832832,102400000000,0,1702400000,64,64,1156848128,0,0,398832832,1,92900000000
0,400124,10000000000,9500000000,9500000000,8741984704,8741984704,9898832832,0,0,1702400000,64,64,1156848128,0,0,398832832,1,0
0,400125,10000000000,9500000000,9500000000,8741984704,8741984704,9898832832,0,0,1702400000,64,64,1156848128,0,0,398832832,1,0
0,400126,10000000000,9500000000,9500000000,8741984704,8741984704,9898832832,0,0,1702400000,64,64,1156848128,0,0,398832832,1,0
0,400127,10000000000,9500000000,9500000000,8741984704,8741984704,9898832832,0,0,1702400000,64,64,1156848128,0,0,398832832,1,0
0,400128,10000000000,9500000000,9500000000,8741984704,8741984704,9898832832,0,0,1702400000,64,64,1156848128,0,0,398832832,1,0
0,400129,10000000000,9500000000,9500000000,8741984704,8741984704,9898832832,0,0,1702400000,64,64,1156848128,0,0,398832832,1,0
0,400130,10000000000,9500000000,9500000000,8741984704,8741984704,9898832832,0,0,1702400000,64,64,1156848128,0,0,398832832,1,0
0,400131,10000000000,9500000000,9500000000,8741984704,8741984704,9898832832,0,0,1702400000,64,64,1156848128,0,0,398832832,1,0
0,400132,10000000000,9500000000,9500000000,8741984704,8741984704,9898832832,0,0,1702400000,64,64,1156848128,0,0,398832832,1,0
0,400133,10000000000,9500000000,9500000000,8741984704,8741984704,9898832832,0,0,1702400000,64,64,1156848128,0,0,398832832,1,0
0,400134,10000000000,9500000000,9500000000,8741984704,8741984704,9898832832,102400000000,0,1702400000,64,64,1156848128,0,0,398832832,1,92900000000
0,400135,10000000000,9500000000,9500000000,8741984704,8741984704,9898832832,0,0,1702400000,64,64,1156848128,0,0,398832832,1,0
0,400136,10000000000,9500000000,9500000000,8741984704,8741984704,9898832832,0,0,1702400000,64,64,1156848128,0,0,398832832,1,0
0,400137,10000000000,9500000000,9500000000,8741984704,8741984704,9898832832,0,0,1702400000,64,64,1156848128,0,0,398832832,1,0
0,400138,10000000000,9500000000,9500000000,8741984704,8741984704,9898832832,0,0,1702400000,64,64,1156848128,0,0,398832832,1,0
0,400139,10000000000,9500000000,9500000000,8741984704,8741984704,9898832832,0,0,1702400000,64,64,1156848128,0,0,398832832,1,0
0,400140,10000000000,9500000000,9500000000,8741984704,8741984704,9898832832,0,0,1702400000,64,64,1156848128,0,0,398832832,1,0
0,400141,10000000000,9500000000,9500000000,8741984704,8741984704,9898832832,0,0,1702400000,64,64,1156848128,0,0,398832832,1,0
0,400142,10000000000,9500000000,9500000000,8741984704,8741984704,9898832832,0,0,1702400000,64,64,1156848128,0,0,398832832,1,0
0,400143,10000000000,9500000000,9500000000,8741984704,8741984704,9898832832,0,0,1702400000,64,64,1156848128,0,0,398832832,1,0
0,400144,10000000000,9500000000,9500000000,8741984704,8741984704,9898832832,0,0,1702400000,64,64,1156848128,0,0,398832832,1,0
0,400145,10000000000,9500000000,9500000000,8741984704,8741984704,9898832832,102400000000,0,1702400000,64,64,1156848128,0,0,398832832,1,92900000000
0,400146,10000000000,9500000000,9500000000,8741984704,8741984704,9898832832,0,0,1702400000,64,64,1156848128,0,0,398832832,1,0
0,400147,10000000000,9500000000,9500000000,8741984704,8741984704,9898832832,0,0,1702400000,64,64,1156848128,0,0,398832832,1,0
0,400148,10000000000,9500000000,9500000000,8741984704,8741984704,9898832832,0,0,1702400000,64,64,1156848128,0,0,398832832,1,0
0,400149,10000000000,9500000000,9500000000,8741984704,8741984704,9898832832,0,0,1702400000,64,64,1156848128,0,0,398832832,1,0
0,400150,10000000000,9500000000,9500000000,8741984704,8741984704,9898832832,0,0,1702400000,64,64,1156848128,0,0,398832832,1,0
0,400151,10000000000,9500000000,9500000000,8741984704,8741984704,9898832832,0,0,1702400000,64,64,1156848128,0,0,398832832,1,0
0,400152,10000000000,9500000000,9500000000,8741984704,8741984704,9898832832,0,0,1702400000,64,64,1156848128,0,0,398832832,1,0
0,400153,10000000000,9500000000,9500000000,8741984704,8741984704,9898832832,0,0,1702400000,64,64,1156848128,0,0,398832832,1,0
0,400154,10000000000,9500000000,9500000000,8741984704,8741984704,9898832832,0,0,1702400000,64,64,1156848128,0,0,398832832,1,0
0,400155,10000000000,9500000000,9500000000,8741984704,8741984704,9898832832,0,0,1702400000,64,64,1156848128,0,0,398832832,1,0
0,400156,10000000000,9500000000,9500000000,8741984704,8741984704,9898832832,102400000000,0,1702400000,64,64,1156848128,0,0,398832832,1,92900000000
0,400157,10000000000,9500000000,9500000000,8741984704,8741984704,9898832832,0,0,1702400000,64,64,1156848128,0,0,398832832,1,0
0,400158,10000000000,9500000000,9500000000,8741984704,8741984704,9898832832,0,0,1702400000,64,64,1156848128,0,0,398832832,1,0
0,400159,10000000000,9500000000,9500000000,8741984704,8741984704,9898832832,0,0,1702400000,64,64,1156848128,0,0,398832832,1,0
0,400160,10000000000,9500000000,9500000000,8741984704,8741984704,9898832832,0,0,1702400000,64,64,1156848128,0,0,398832832,1,0
0,400161,10000000000,9500000000,9500000000,8741984704,8741984704,9898832832,0,0,1702400000,64,64,1156848128,0,0,398832832,1,0
0,400162,10000000000,9500000000,9500000000,8741984704,8741984704,9898832832,0,0,1702400000,64,64,1156848128,0,0,398832832,1,0
0,400163,10000000000,9500000000,9500000000,8741984704,8741984704,9898832832,0,0,1702400000,64,64,1156848128,0,0,398832832,1,0
0,400164,10000000000,9500000000,9500000000,8741984704,8741984704,9898832832,0,0,1702400000,64,64,1156848128,0,0,398832832,1,0
0,400165,10000000000,9500000000,9500000000,8741984704,8741984704,9898832832,0,0,1702400000,64,64,1156848128,0,0,398832832,1,0
0,400166,10000000000,9500000000,9500000000,8741984704,8741984704,9898832832,102400000000,0,1702400000,64,64,1156848128,0,0,398832832,1,92900000000
0,400167,10000000000,9500000000,9500000000,8741984704,8741984704,9898832832,0,0,1702400000,64,64,1156848128,0,0,398832832,1,0
0,400168,10000000000,9500000000,9500000000,8741984704,8741984704,9898832832,0,0,1702400000,64,64,1156848128,0,0,398832832,1,0
0,400169,10000000000,9500000000,9500000000,8741984704,8741984704,9898832832,0,0,1702400000,64,64,1156848128,0,0,398832832,1,0
0,400170,10000000000,9500000000,9500000000,8741984704,8741984704,9898832832,0,0,1702400000,64,64,1156848128,0,0,398832832,1,0
0,400171,10000000000,9500000000,9500000000,8741984704,8741984704,9898832832,0,0,1702400000,64,64,1156848128,0,0,398832832,1,0
0,400172,10000000000,9500000000,9500000000,8741984704,8741984704,9898832832,0,0,1702400000,64,64,1156848128,0,0,398832832,1,0
0,400173,10000000000,9500000000,9500000000,8741984704,8741984704,9898832832,0,0,1702400000,64,64,1156848128,0,0,398832832,1,0
0,400174,10000000000,9500000000,9500000000,8741984704,8741984704,9898832832,0,0,1702400000,64,64,1156848128,0,0,398832832,1,0
0,400175,10000000000,9500000000,9500000000,8741984704,8741984704,9898832832,0,0,1702400000,64,64,1156848128,0,0,398832832,1,0
0,400176,10000000000,9500000000,9500000000,8741984704,8741984704,9898832832,0,0,1702400000,64,64,1156848128,0,0,398832832,1,0
0,400177,10000000000,9500000000,9500000000,8741984704,8741984704,9898832832,102400000000,0,1702400000,64,64,1156848128,0,0,398832832,1,92900000000
0,400178,10000000000,9500000000,9500000000,8741984704,8741984704,9898832832,0,0,1702400000,64,64,1156848128,0,0,398832832,1,0
0,400179,10000000000,9500000000,9500000000,8741984704,8741984704,9898832832,0,0,1702400000,64,64,1156848128,0,0,398832832,1,0
0,400180,10000000000,9500000000,9500000000,8741984704,8741984704,9898832832,0,0,1702400000,64,64,1156848128,0,0,398832832,1,0
0,400181,10000000000,9500000000,9500000000,8741984704,8741984704,9898832832,0,0,1702400000,64,64,1156848128,0,0,398832832,1,0
0,400182,10000000000,9500000000,9500000000,8741984704,8741984704,9898832832,0,0,1702400000,64,64,1156848128,0,0,398832832,1,0
0,400183,10000000000,9500000000,9500000000,8741984704,8741984704,9898832832,0,0,1702400000,64,64,1156848128,0,0,398832832,1,0
0,400184,10000000000,9500000000,9500000000,8741984704,8741984704,9898832832,0,0,1702400000,64,64,1156848128,0,0,398832832,1,0
0,400185,10000000000,9500000000,9500000000,8741984704,8741984704,9898832832,0,0,1702400000,64,64,1156848128,0,0,398832832,1,0
0,400186,10000000000,9500000000,9500000000,8741984704,8741984704,9898832832,0,0,1702400000,64,64,1156848128,0,0,398832832,1,0
0,400187,10000000000,9500000000,9500000000,8741984704,8741984704,9898832832,0,0,1702400000,64,64,1156848128,0,0,398832832,1,0
0,400188,10000000000,9500000000,9500000000,8741984704,8741984704,9898832832,102400000000,0,1702400000,64,64,1156848128,0,0,398832832,1,92900000000
0,400189,10000000000,9500000000,9500000000,8741984704,8741984704,9898832832,0,0,1702400000,64,64,1156848128,0,0,398832832,1,0
0,400190,10000000000,9500000000,9500000000,8741984704,8741984704,9898832832,0,0,1702400000,64,64,1156848128,0,0,398832832,1,0
0,400191,10000000000,9500000000,9500000000,8741984704,8741984704,9898832832,0,0,1702400000,64,64,1156848128,0,0,398832832,1,0
0,400192,10000000000,9500000000,9500000000,8741984704,8741984704,9898832832,0,0,1702400000,64,64,1156848128,0,0,398832832,1,0
0,400193,10000000000,9500000000,9500000000,8741984704,8741984704,9898832832,0,0,1702400000,64,64,1156848128,0,0,398832832,1,0
0,400194,10000000000,9500000000,9500000000,8741984704,8741984704,9898832832,0,0,1702400000,64,64,1156848128,0,0,398832832,1,0
0,400195,10000000000,9500000000,9500000000,8741984704,8741984704,9898832832,0,0,1702400000,64,64,1156848128,0,0,398832832,1,0
0,400196,10000000000,9500000000,9500000000,8741984704,8741984704,9898832832,0,0,1702400000,64,64,1156848128,0,0,398832832,1,0
0,400197,10000000000,9500000000,9500000000,8741984704,8741984704,9898832832,0,0,1702400000,64,64,1156848128,0,0,398832832,1,0
0,400198,10000000000,9500000000,9500000000,8741984704,8741984704,9898832832,0,0,1702400000,64,64,1156848128,0,0,398832832,1,0
0,400199,10000000000,9500000000,9500000000,8741984704,8741984704,9898832832,102400000000,0,1702400000,64,64,1156848128,0,0,398832832,1,92900000000
0,400200,10000000000,9500000000,9500000000,8741984704,8741984704,9898832832,0,0,1702400000,64,64,1156848128,0,0,398832832,1,0
