link_id,epoch,C_l,rho_C_l,C_effective_l,planner_grant_sum_bps,target_rate_sum_bps,applied_rate_sum_bps,actual_tx_rate_sum_bps,background_rate_bps,legacy_floor_rate_bps,flows_below_legacy_floor,floor_clamp_count,rate_clamp_delta_sum_bps,zero_grant_flow_count,paused_zero_grant_count,applied_capacity_excess_bps,applied_capacity_violation,actual_arrival_excess_bps,base_capacity_bps,boost_effective_bps,drain_effective_bps,effective_planner_budget_bps,arrival_rate_bps,served_rate_bps,unallocated_delta_bps,clamp_reason,admission_grant_sum_bps,planner_target_sum_bps,full_unallocated_bps,unallocated_reason,explicit_fixed_reserved_bps,fill_invoked,active_control_qps,input_budget_bps,returned_target_sum_bps,skip_reason,excl_scope,excl_finished,excl_wrong_generation,excl_missing_path,floor_set_count,background_in_control
0,2002,200000000000,180000000000,180000000000,200000000000,200000000000,160000000000,153843200000,0,1702400000,0,0,0,0,0,0,0,0,180000000000,0,0,180000000000,0,0,0,0,200000000000,200000000000,0,0,0,1,1,200000000000,200000000000,0,0,0,0,0,1,1
0,2003,200000000000,180000000000,180000000000,200000000000,200000000000,160000000000,150796800000,0,1702400000,0,0,0,0,0,0,0,0,180000000000,0,0,180000000000,128000000000,128000000000,0,0,200000000000,200000000000,0,0,0,1,1,200000000000,200000000000,0,0,0,0,0,1,1
0,2004,200000000000,180000000000,180000000000,200000000000,200000000000,160000000000,152320000000,0,1702400000,0,0,0,0,0,0,0,0,180000000000,0,0,180000000000,160000000000,160000000000,0,0,200000000000,200000000000,0,0,0,1,1,200000000000,200000000000,0,0,0,0,0,1,1
0,2005,200000000000,180000000000,180000000000,200000000000,200000000000,160000000000,152320000000,0,1702400000,0,0,0,0,0,0,0,0,180000000000,0,0,180000000000,160000000000,160000000000,0,0,200000000000,200000000000,0,0,0,1,1,200000000000,200000000000,0,0,0,0,0,1,1
0,2006,200000000000,180000000000,180000000000,200000000000,200000000000,160000000000,152320000000,0,1702400000,0,0,0,0,0,0,0,0,180000000000,0,0,180000000000,160000000000,160000000000,0,0,200000000000,200000000000,0,0,0,1,1,200000000000,200000000000,0,0,0,0,0,1,1
0,2007,200000000000,180000000000,180000000000,200000000000,200000000000,160000000000,152320000000,0,1702400000,0,0,0,0,0,0,0,0,180000000000,0,0,180000000000,160000000000,160000000000,0,0,200000000000,200000000000,0,0,0,1,1,200000000000,200000000000,0,0,0,0,0,1,1
0,2008,200000000000,180000000000,180000000000,200000000000,200000000000,160000000000,152320000000,0,1702400000,0,0,0,0,0,0,0,0,180000000000,0,0,180000000000,160000000000,160000000000,0,0,200000000000,200000000000,0,0,0,1,1,200000000000,200000000000,0,0,0,0,0,1,1
0,2009,200000000000,180000000000,180000000000,200000000000,200000000000,160000000000,152320000000,0,1702400000,0,0,0,0,0,0,0,0,180000000000,0,0,180000000000,160000000000,160000000000,0,0,200000000000,200000000000,0,0,0,1,1,200000000000,200000000000,0,0,0,0,0,1,1
0,2010,200000000000,180000000000,180000000000,200000000000,200000000000,160000000000,152320000000,0,1702400000,0,0,0,0,0,0,0,0,180000000000,0,0,180000000000,160000000000,160000000000,0,0,200000000000,200000000000,0,0,0,1,1,200000000000,200000000000,0,0,0,0,0,1,1
0,2011,200000000000,180000000000,180000000000,200000000000,200000000000,160000000000,152320000000,0,1702400000,0,0,0,0,0,0,0,0,180000000000,0,0,180000000000,160000000000,160000000000,0,0,200000000000,200000000000,0,0,0,1,1,200000000000,200000000000,0,0,0,0,0,1,1
0,2012,200000000000,180000000000,180000000000,200000000000,200000000000,160000000000,152320000000,0,1702400000,0,0,0,0,0,0,0,0,180000000000,0,0,180000000000,160000000000,160000000000,0,0,200000000000,200000000000,0,0,0,1,1,200000000000,200000000000,0,0,0,0,0,1,1
0,2013,200000000000,180000000000,180000000000,200000000000,200000000000,160000000000,152320000000,0,1702400000,0,0,0,0,0,0,0,0,180000000000,0,0,180000000000,160000000000,160000000000,0,0,200000000000,200000000000,0,0,0,1,1,200000000000,200000000000,0,0,0,0,0,1,1
0,2014,200000000000,180000000000,180000000000,200000000000,200000000000,160000000000,152320000000,0,1702400000,0,0,0,0,0,0,0,0,180000000000,0,0,180000000000,160000000000,160000000000,0,0,200000000000,200000000000,0,0,0,1,1,200000000000,200000000000,0,0,0,0,0,1,1
0,2015,200000000000,180000000000,180000000000,200000000000,200000000000,160000000000,152320000000,0,1702400000,0,0,0,0,0,0,0,0,180000000000,0,0,180000000000,160000000000,160000000000,0,0,200000000000,200000000000,0,0,0,1,1,200000000000,200000000000,0,0,0,0,0,1,1
0,2016,200000000000,180000000000,180000000000,200000000000,200000000000,160000000000,152320000000,0,1702400000,0,0,0,0,0,0,0,0,180000000000,0,0,180000000000,160000000000,160000000000,0,0,200000000000,200000000000,0,0,0,1,1,200000000000,200000000000,0,0,0,0,0,1,1
0,2017,200000000000,180000000000,180000000000,200000000000,200000000000,160000000000,152320000000,0,1702400000,0,0,0,0,0,0,0,0,180000000000,0,0,180000000000,160000000000,160000000000,0,0,200000000000,200000000000,0,0,0,1,1,200000000000,200000000000,0,0,0,0,0,1,1
0,2018,200000000000,180000000000,180000000000,200000000000,200000000000,160000000000,152320000000,0,1702400000,0,0,0,0,0,0,0,0,180000000000,0,0,180000000000,160000000000,160000000000,0,0,200000000000,200000000000,0,0,0,1,1,200000000000,200000000000,0,0,0,0,0,1,1
0,2019,200000000000,180000000000,180000000000,200000000000,200000000000,160000000000,152320000000,0,1702400000,0,0,0,0,0,0,0,0,180000000000,0,0,180000000000,160000000000,160000000000,0,0,200000000000,200000000000,0,0,0,1,1,200000000000,200000000000,0,0,0,0,0,1,1
0,2020,200000000000,180000000000,180000000000,200000000000,200000000000,160000000000,152320000000,0,1702400000,0,0,0,0,0,0,0,0,180000000000,0,0,180000000000,160000000000,160000000000,0,0,200000000000,200000000000,0,0,0,1,1,200000000000,200000000000,0,0,0,0,0,1,1
0,2021,200000000000,180000000000,180000000000,200000000000,200000000000,160000000000,152320000000,0,1702400000,0,0,0,0,0,0,0,0,180000000000,0,0,180000000000,160000000000,160000000000,0,0,200000000000,200000000000,0,0,0,1,1,200000000000,200000000000,0,0,0,0,0,1,1
0,2022,200000000000,180000000000,180000000000,200000000000,200000000000,160000000000,152320000000,0,1702400000,0,0,0,0,0,0,0,0,180000000000,0,0,180000000000,160000000000,160000000000,0,0,200000000000,200000000000,0,0,0,1,1,200000000000,200000000000,0,0,0,0,0,1,1
0,2023,200000000000,180000000000,180000000000,200000000000,200000000000,160000000000,152320000000,0,1702400000,0,0,0,0,0,0,0,0,180000000000,0,0,180000000000,160000000000,160000000000,0,0,200000000000,200000000000,0,0,0,1,1,200000000000,200000000000,0,0,0,0,0,1,1
0,2024,200000000000,180000000000,180000000000,200000000000,200000000000,160000000000,152320000000,0,1702400000,0,0,0,0,0,0,0,0,180000000000,0,0,180000000000,160000000000,160000000000,0,0,200000000000,200000000000,0,0,0,1,1,200000000000,200000000000,0,0,0,0,0,1,1
0,2025,200000000000,180000000000,180000000000,200000000000,200000000000,160000000000,152320000000,0,1702400000,0,0,0,0,0,0,0,0,180000000000,0,0,180000000000,160000000000,160000000000,0,0,200000000000,200000000000,0,0,0,1,1,200000000000,200000000000,0,0,0,0,0,1,1
0,2026,200000000000,180000000000,180000000000,200000000000,200000000000,160000000000,152320000000,0,1702400000,0,0,0,0,0,0,0,0,180000000000,0,0,180000000000,160000000000,160000000000,0,0,200000000000,200000000000,0,0,0,1,1,200000000000,200000000000,0,0,0,0,0,1,1
0,2027,200000000000,180000000000,180000000000,200000000000,200000000000,160000000000,152320000000,0,1702400000,0,0,0,0,0,0,0,0,180000000000,0,0,180000000000,160000000000,160000000000,0,0,200000000000,200000000000,0,0,0,1,1,200000000000,200000000000,0,0,0,0,0,1,1
0,2028,200000000000,180000000000,180000000000,200000000000,200000000000,160000000000,152320000000,0,1702400000,0,0,0,0,0,0,0,0,180000000000,0,0,180000000000,160000000000,160000000000,0,0,200000000000,200000000000,0,0,0,1,1,200000000000,200000000000,0,0,0,0,0,1,1
0,2029,200000000000,180000000000,180000000000,200000000000,200000000000,160000000000,152320000000,0,1702400000,0,0,0,0,0,0,0,0,180000000000,0,0,180000000000,160000000000,160000000000,0,0,200000000000,200000000000,0,0,0,1,1,200000000000,200000000000,0,0,0,0,0,1,1
0,2030,200000000000,180000000000,180000000000,200000000000,200000000000,160000000000,152320000000,0,1702400000,0,0,0,0,0,0,0,0,180000000000,0,0,180000000000,160000000000,160000000000,0,0,200000000000,200000000000,0,0,0,1,1,200000000000,200000000000,0,0,0,0,0,1,1
0,2031,200000000000,180000000000,180000000000,200000000000,200000000000,160000000000,152320000000,0,1702400000,0,0,0,0,0,0,0,0,180000000000,0,0,180000000000,160000000000,160000000000,0,0,200000000000,200000000000,0,0,0,1,1,200000000000,200000000000,0,0,0,0,0,1,1
0,2032,200000000000,180000000000,180000000000,200000000000,200000000000,160000000000,152320000000,0,1702400000,0,0,0,0,0,0,0,0,180000000000,0,0,180000000000,160000000000,160000000000,0,0,200000000000,200000000000,0,0,0,1,1,200000000000,200000000000,0,0,0,0,0,1,1
0,2033,200000000000,180000000000,180000000000,200000000000,200000000000,160000000000,152320000000,0,1702400000,0,0,0,0,0,0,0,0,180000000000,0,0,180000000000,160000000000,160000000000,0,0,200000000000,200000000000,0,0,0,1,1,200000000000,200000000000,0,0,0,0,0,1,1
0,2034,200000000000,180000000000,180000000000,200000000000,200000000000,160000000000,152320000000,0,1702400000,0,0,0,0,0,0,0,0,180000000000,0,0,180000000000,160000000000,160000000000,0,0,200000000000,200000000000,0,0,0,1,1,200000000000,200000000000,0,0,0,0,0,1,1
0,2035,200000000000,180000000000,180000000000,200000000000,200000000000,160000000000,152320000000,0,1702400000,0,0,0,0,0,0,0,0,180000000000,0,0,180000000000,160000000000,160000000000,0,0,200000000000,200000000000,0,0,0,1,1,200000000000,200000000000,0,0,0,0,0,1,1
0,2036,200000000000,180000000000,180000000000,200000000000,200000000000,160000000000,152320000000,0,1702400000,0,0,0,0,0,0,0,0,180000000000,0,0,180000000000,160000000000,160000000000,0,0,200000000000,200000000000,0,0,0,1,1,200000000000,200000000000,0,0,0,0,0,1,1
0,2037,200000000000,180000000000,180000000000,200000000000,200000000000,160000000000,152320000000,0,1702400000,0,0,0,0,0,0,0,0,180000000000,0,0,180000000000,160000000000,160000000000,0,0,200000000000,200000000000,0,0,0,1,1,200000000000,200000000000,0,0,0,0,0,1,1
0,2038,200000000000,180000000000,180000000000,200000000000,200000000000,160000000000,152320000000,0,1702400000,0,0,0,0,0,0,0,0,180000000000,0,0,180000000000,160000000000,160000000000,0,0,200000000000,200000000000,0,0,0,1,1,200000000000,200000000000,0,0,0,0,0,1,1
0,2039,200000000000,180000000000,180000000000,200000000000,200000000000,160000000000,152320000000,0,1702400000,0,0,0,0,0,0,0,0,180000000000,0,0,180000000000,160000000000,160000000000,0,0,200000000000,200000000000,0,0,0,1,1,200000000000,200000000000,0,0,0,0,0,1,1
0,2040,200000000000,180000000000,180000000000,200000000000,200000000000,160000000000,152320000000,0,1702400000,0,0,0,0,0,0,0,0,180000000000,0,0,180000000000,160000000000,160000000000,0,0,200000000000,200000000000,0,0,0,1,1,200000000000,200000000000,0,0,0,0,0,1,1
0,2041,200000000000,180000000000,180000000000,200000000000,200000000000,160000000000,152320000000,0,1702400000,0,0,0,0,0,0,0,0,180000000000,0,0,180000000000,160000000000,160000000000,0,0,200000000000,200000000000,0,0,0,1,1,200000000000,200000000000,0,0,0,0,0,1,1
0,2042,200000000000,180000000000,180000000000,200000000000,200000000000,160000000000,152320000000,0,1702400000,0,0,0,0,0,0,0,0,180000000000,0,0,180000000000,160000000000,160000000000,0,0,200000000000,200000000000,0,0,0,1,1,200000000000,200000000000,0,0,0,0,0,1,1
0,2043,200000000000,180000000000,180000000000,200000000000,200000000000,160000000000,152320000000,0,1702400000,0,0,0,0,0,0,0,0,180000000000,0,0,180000000000,160000000000,160000000000,0,0,200000000000,200000000000,0,0,0,1,1,200000000000,200000000000,0,0,0,0,0,1,1
0,2044,200000000000,180000000000,180000000000,200000000000,200000000000,160000000000,152320000000,0,1702400000,0,0,0,0,0,0,0,0,180000000000,0,0,180000000000,160000000000,160000000000,0,0,200000000000,200000000000,0,0,0,1,1,200000000000,200000000000,0,0,0,0,0,1,1
0,2045,200000000000,180000000000,180000000000,200000000000,200000000000,160000000000,152320000000,0,1702400000,0,0,0,0,0,0,0,0,180000000000,0,0,180000000000,160000000000,160000000000,0,0,200000000000,200000000000,0,0,0,1,1,200000000000,200000000000,0,0,0,0,0,1,1
0,2046,200000000000,180000000000,180000000000,200000000000,200000000000,160000000000,152320000000,0,1702400000,0,0,0,0,0,0,0,0,180000000000,0,0,180000000000,160000000000,160000000000,0,0,200000000000,200000000000,0,0,0,1,1,200000000000,200000000000,0,0,0,0,0,1,1
0,2047,200000000000,180000000000,180000000000,200000000000,200000000000,160000000000,152320000000,0,1702400000,0,0,0,0,0,0,0,0,180000000000,0,0,180000000000,160000000000,160000000000,0,0,200000000000,200000000000,0,0,0,1,1,200000000000,200000000000,0,0,0,0,0,1,1
0,2048,200000000000,180000000000,180000000000,200000000000,200000000000,160000000000,152320000000,0,1702400000,0,0,0,0,0,0,0,0,180000000000,0,0,180000000000,160000000000,160000000000,0,0,200000000000,200000000000,0,0,0,1,1,200000000000,200000000000,0,0,0,0,0,1,1
0,2049,200000000000,180000000000,180000000000,200000000000,200000000000,160000000000,152320000000,0,1702400000,0,0,0,0,0,0,0,0,180000000000,0,0,180000000000,160000000000,160000000000,0,0,200000000000,200000000000,0,0,0,1,1,200000000000,200000000000,0,0,0,0,0,1,1
0,2050,200000000000,180000000000,180000000000,200000000000,200000000000,160000000000,152320000000,0,1702400000,0,0,0,0,0,0,0,0,180000000000,0,0,180000000000,160000000000,160000000000,0,0,200000000000,200000000000,0,0,0,1,1,200000000000,200000000000,0,0,0,0,0,1,1
0,2051,200000000000,180000000000,180000000000,200000000000,200000000000,160000000000,152320000000,0,1702400000,0,0,0,0,0,0,0,0,180000000000,0,0,180000000000,160000000000,160000000000,0,0,200000000000,200000000000,0,0,0,1,1,200000000000,200000000000,0,0,0,0,0,1,1
0,2052,200000000000,180000000000,180000000000,200000000000,200000000000,160000000000,152320000000,0,1702400000,0,0,0,0,0,0,0,0,180000000000,0,0,180000000000,160000000000,160000000000,0,0,200000000000,200000000000,0,0,0,1,1,200000000000,200000000000,0,0,0,0,0,1,1
0,2053,200000000000,180000000000,180000000000,200000000000,200000000000,160000000000,152320000000,0,1702400000,0,0,0,0,0,0,0,0,180000000000,0,0,180000000000,160000000000,160000000000,0,0,200000000000,200000000000,0,0,0,1,1,200000000000,200000000000,0,0,0,0,0,1,1
0,2054,200000000000,180000000000,180000000000,200000000000,200000000000,160000000000,152320000000,0,1702400000,0,0,0,0,0,0,0,0,180000000000,0,0,180000000000,160000000000,160000000000,0,0,200000000000,200000000000,0,0,0,1,1,200000000000,200000000000,0,0,0,0,0,1,1
0,2055,200000000000,180000000000,180000000000,200000000000,200000000000,160000000000,152320000000,0,1702400000,0,0,0,0,0,0,0,0,180000000000,0,0,180000000000,160000000000,160000000000,0,0,200000000000,200000000000,0,0,0,1,1,200000000000,200000000000,0,0,0,0,0,1,1
0,2056,200000000000,180000000000,180000000000,200000000000,200000000000,160000000000,152320000000,0,1702400000,0,0,0,0,0,0,0,0,180000000000,0,0,180000000000,160000000000,160000000000,0,0,200000000000,200000000000,0,0,0,1,1,200000000000,200000000000,0,0,0,0,0,1,1
0,2057,200000000000,180000000000,180000000000,200000000000,200000000000,160000000000,152320000000,0,1702400000,0,0,0,0,0,0,0,0,180000000000,0,0,180000000000,160000000000,160000000000,0,0,200000000000,200000000000,0,0,0,1,1,200000000000,200000000000,0,0,0,0,0,1,1
0,2058,200000000000,180000000000,180000000000,200000000000,200000000000,160000000000,152320000000,0,1702400000,0,0,0,0,0,0,0,0,180000000000,0,0,180000000000,160000000000,160000000000,0,0,200000000000,200000000000,0,0,0,1,1,200000000000,200000000000,0,0,0,0,0,1,1
0,2059,200000000000,180000000000,180000000000,200000000000,200000000000,160000000000,152320000000,0,1702400000,0,0,0,0,0,0,0,0,180000000000,0,0,180000000000,160000000000,160000000000,0,0,200000000000,200000000000,0,0,0,1,1,200000000000,200000000000,0,0,0,0,0,1,1
0,2060,200000000000,180000000000,180000000000,200000000000,200000000000,160000000000,152320000000,0,1702400000,0,0,0,0,0,0,0,0,180000000000,0,0,180000000000,160000000000,160000000000,0,0,200000000000,200000000000,0,0,0,1,1,200000000000,200000000000,0,0,0,0,0,1,1
0,2061,200000000000,180000000000,180000000000,200000000000,200000000000,160000000000,152320000000,0,1702400000,0,0,0,0,0,0,0,0,180000000000,0,0,180000000000,160000000000,160000000000,0,0,200000000000,200000000000,0,0,0,1,1,200000000000,200000000000,0,0,0,0,0,1,1
0,2062,200000000000,180000000000,180000000000,200000000000,200000000000,160000000000,152320000000,0,1702400000,0,0,0,0,0,0,0,0,180000000000,0,0,180000000000,160000000000,160000000000,0,0,200000000000,200000000000,0,0,0,1,1,200000000000,200000000000,0,0,0,0,0,1,1
0,2063,200000000000,180000000000,180000000000,200000000000,200000000000,160000000000,152320000000,0,1702400000,0,0,0,0,0,0,0,0,180000000000,0,0,180000000000,160000000000,160000000000,0,0,200000000000,200000000000,0,0,0,1,1,200000000000,200000000000,0,0,0,0,0,1,1
0,2064,200000000000,180000000000,180000000000,200000000000,200000000000,160000000000,152320000000,0,1702400000,0,0,0,0,0,0,0,0,180000000000,0,0,180000000000,160000000000,160000000000,0,0,200000000000,200000000000,0,0,0,1,1,200000000000,200000000000,0,0,0,0,0,1,1
0,2065,200000000000,180000000000,180000000000,200000000000,200000000000,160000000000,152320000000,0,1702400000,0,0,0,0,0,0,0,0,180000000000,0,0,180000000000,160000000000,160000000000,0,0,200000000000,200000000000,0,0,0,1,1,200000000000,200000000000,0,0,0,0,0,1,1
0,2066,200000000000,180000000000,180000000000,200000000000,200000000000,160000000000,152320000000,0,1702400000,0,0,0,0,0,0,0,0,180000000000,0,0,180000000000,160000000000,160000000000,0,0,200000000000,200000000000,0,0,0,1,1,200000000000,200000000000,0,0,0,0,0,1,1
0,2067,200000000000,180000000000,180000000000,200000000000,200000000000,160000000000,152320000000,0,1702400000,0,0,0,0,0,0,0,0,180000000000,0,0,180000000000,160000000000,160000000000,0,0,200000000000,200000000000,0,0,0,1,1,200000000000,200000000000,0,0,0,0,0,1,1
0,2068,200000000000,180000000000,180000000000,200000000000,200000000000,160000000000,152320000000,0,1702400000,0,0,0,0,0,0,0,0,180000000000,0,0,180000000000,160000000000,160000000000,0,0,200000000000,200000000000,0,0,0,1,1,200000000000,200000000000,0,0,0,0,0,1,1
0,2069,200000000000,180000000000,180000000000,200000000000,200000000000,160000000000,152320000000,0,1702400000,0,0,0,0,0,0,0,0,180000000000,0,0,180000000000,160000000000,160000000000,0,0,200000000000,200000000000,0,0,0,1,1,200000000000,200000000000,0,0,0,0,0,1,1
0,2070,200000000000,180000000000,180000000000,200000000000,200000000000,160000000000,152320000000,0,1702400000,0,0,0,0,0,0,0,0,180000000000,0,0,180000000000,160000000000,160000000000,0,0,200000000000,200000000000,0,0,0,1,1,200000000000,200000000000,0,0,0,0,0,1,1
0,2071,200000000000,180000000000,180000000000,200000000000,200000000000,160000000000,152320000000,0,1702400000,0,0,0,0,0,0,0,0,180000000000,0,0,180000000000,160000000000,160000000000,0,0,200000000000,200000000000,0,0,0,1,1,200000000000,200000000000,0,0,0,0,0,1,1
0,2072,200000000000,180000000000,180000000000,200000000000,200000000000,160000000000,152320000000,0,1702400000,0,0,0,0,0,0,0,0,180000000000,0,0,180000000000,160000000000,160000000000,0,0,200000000000,200000000000,0,0,0,1,1,200000000000,200000000000,0,0,0,0,0,1,1
0,2073,200000000000,180000000000,180000000000,200000000000,200000000000,160000000000,152320000000,0,1702400000,0,0,0,0,0,0,0,0,180000000000,0,0,180000000000,160000000000,160000000000,0,0,200000000000,200000000000,0,0,0,1,1,200000000000,200000000000,0,0,0,0,0,1,1
0,2074,200000000000,180000000000,180000000000,200000000000,200000000000,160000000000,152320000000,0,1702400000,0,0,0,0,0,0,0,0,180000000000,0,0,180000000000,160000000000,160000000000,0,0,200000000000,200000000000,0,0,0,1,1,200000000000,200000000000,0,0,0,0,0,1,1
0,2075,200000000000,180000000000,180000000000,200000000000,200000000000,160000000000,152320000000,0,1702400000,0,0,0,0,0,0,0,0,180000000000,0,0,180000000000,160000000000,160000000000,0,0,200000000000,200000000000,0,0,0,1,1,200000000000,200000000000,0,0,0,0,0,1,1
0,2076,200000000000,180000000000,180000000000,200000000000,200000000000,160000000000,152320000000,0,1702400000,0,0,0,0,0,0,0,0,180000000000,0,0,180000000000,160000000000,160000000000,0,0,200000000000,200000000000,0,0,0,1,1,200000000000,200000000000,0,0,0,0,0,1,1
0,2077,200000000000,180000000000,180000000000,200000000000,200000000000,160000000000,152320000000,0,1702400000,0,0,0,0,0,0,0,0,180000000000,0,0,180000000000,160000000000,160000000000,0,0,200000000000,200000000000,0,0,0,1,1,200000000000,200000000000,0,0,0,0,0,1,1
0,2078,200000000000,180000000000,180000000000,200000000000,200000000000,160000000000,152320000000,0,1702400000,0,0,0,0,0,0,0,0,180000000000,0,0,180000000000,160000000000,160000000000,0,0,200000000000,200000000000,0,0,0,1,1,200000000000,200000000000,0,0,0,0,0,1,1
0,2079,200000000000,180000000000,180000000000,200000000000,200000000000,160000000000,152320000000,0,1702400000,0,0,0,0,0,0,0,0,180000000000,0,0,180000000000,160000000000,160000000000,0,0,200000000000,200000000000,0,0,0,1,1,200000000000,200000000000,0,0,0,0,0,1,1
0,2080,200000000000,180000000000,180000000000,200000000000,200000000000,160000000000,152320000000,0,1702400000,0,0,0,0,0,0,0,0,180000000000,0,0,180000000000,160000000000,160000000000,0,0,200000000000,200000000000,0,0,0,1,1,200000000000,200000000000,0,0,0,0,0,1,1
0,2081,200000000000,180000000000,180000000000,200000000000,200000000000,160000000000,152320000000,0,1702400000,0,0,0,0,0,0,0,0,180000000000,0,0,180000000000,160000000000,160000000000,0,0,200000000000,200000000000,0,0,0,1,1,200000000000,200000000000,0,0,0,0,0,1,1
0,2082,200000000000,180000000000,180000000000,200000000000,200000000000,160000000000,152320000000,0,1702400000,0,0,0,0,0,0,0,0,180000000000,0,0,180000000000,160000000000,160000000000,0,0,200000000000,200000000000,0,0,0,1,1,200000000000,200000000000,0,0,0,0,0,1,1
0,2083,200000000000,180000000000,180000000000,200000000000,200000000000,160000000000,152320000000,0,1702400000,0,0,0,0,0,0,0,0,180000000000,0,0,180000000000,160000000000,160000000000,0,0,200000000000,200000000000,0,0,0,1,1,200000000000,200000000000,0,0,0,0,0,1,1
0,2084,200000000000,180000000000,180000000000,200000000000,200000000000,160000000000,152320000000,0,1702400000,0,0,0,0,0,0,0,0,180000000000,0,0,180000000000,160000000000,160000000000,0,0,200000000000,200000000000,0,0,0,1,1,200000000000,200000000000,0,0,0,0,0,1,1
0,2085,200000000000,180000000000,180000000000,200000000000,200000000000,160000000000,152320000000,0,1702400000,0,0,0,0,0,0,0,0,180000000000,0,0,180000000000,160000000000,160000000000,0,0,200000000000,200000000000,0,0,0,1,1,200000000000,200000000000,0,0,0,0,0,1,1
0,2086,200000000000,180000000000,180000000000,200000000000,200000000000,160000000000,152320000000,0,1702400000,0,0,0,0,0,0,0,0,180000000000,0,0,180000000000,160000000000,160000000000,0,0,200000000000,200000000000,0,0,0,1,1,200000000000,200000000000,0,0,0,0,0,1,1
0,2087,200000000000,180000000000,180000000000,200000000000,200000000000,160000000000,152320000000,0,1702400000,0,0,0,0,0,0,0,0,180000000000,0,0,180000000000,160000000000,160000000000,0,0,200000000000,200000000000,0,0,0,1,1,200000000000,200000000000,0,0,0,0,0,1,1
0,2088,200000000000,180000000000,180000000000,200000000000,200000000000,160000000000,152320000000,0,1702400000,0,0,0,0,0,0,0,0,180000000000,0,0,180000000000,160000000000,160000000000,0,0,200000000000,200000000000,0,0,0,1,1,200000000000,200000000000,0,0,0,0,0,1,1
0,2089,200000000000,180000000000,180000000000,200000000000,200000000000,160000000000,152320000000,0,1702400000,0,0,0,0,0,0,0,0,180000000000,0,0,180000000000,160000000000,160000000000,0,0,200000000000,200000000000,0,0,0,1,1,200000000000,200000000000,0,0,0,0,0,1,1
0,2090,200000000000,180000000000,180000000000,200000000000,200000000000,160000000000,152320000000,0,1702400000,0,0,0,0,0,0,0,0,180000000000,0,0,180000000000,160000000000,160000000000,0,0,200000000000,200000000000,0,0,0,1,1,200000000000,200000000000,0,0,0,0,0,1,1
0,2091,200000000000,180000000000,180000000000,200000000000,200000000000,160000000000,152320000000,0,1702400000,0,0,0,0,0,0,0,0,180000000000,0,0,180000000000,160000000000,160000000000,0,0,200000000000,200000000000,0,0,0,1,1,200000000000,200000000000,0,0,0,0,0,1,1
0,2092,200000000000,180000000000,180000000000,200000000000,200000000000,160000000000,152320000000,0,1702400000,0,0,0,0,0,0,0,0,180000000000,0,0,180000000000,160000000000,160000000000,0,0,200000000000,200000000000,0,0,0,1,1,200000000000,200000000000,0,0,0,0,0,1,1
0,2093,200000000000,180000000000,180000000000,200000000000,200000000000,160000000000,152320000000,0,1702400000,0,0,0,0,0,0,0,0,180000000000,0,0,180000000000,160000000000,160000000000,0,0,200000000000,200000000000,0,0,0,1,1,200000000000,200000000000,0,0,0,0,0,1,1
0,2094,200000000000,180000000000,180000000000,200000000000,200000000000,160000000000,152320000000,0,1702400000,0,0,0,0,0,0,0,0,180000000000,0,0,180000000000,160000000000,160000000000,0,0,200000000000,200000000000,0,0,0,1,1,200000000000,200000000000,0,0,0,0,0,1,1
0,2095,200000000000,180000000000,180000000000,200000000000,200000000000,160000000000,152320000000,0,1702400000,0,0,0,0,0,0,0,0,180000000000,0,0,180000000000,160000000000,160000000000,0,0,200000000000,200000000000,0,0,0,1,1,200000000000,200000000000,0,0,0,0,0,1,1
0,2096,200000000000,180000000000,180000000000,200000000000,200000000000,160000000000,152320000000,0,1702400000,0,0,0,0,0,0,0,0,180000000000,0,0,180000000000,160000000000,160000000000,0,0,200000000000,200000000000,0,0,0,1,1,200000000000,200000000000,0,0,0,0,0,1,1
0,2097,200000000000,180000000000,180000000000,200000000000,200000000000,160000000000,152320000000,0,1702400000,0,0,0,0,0,0,0,0,180000000000,0,0,180000000000,160000000000,160000000000,0,0,200000000000,200000000000,0,0,0,1,1,200000000000,200000000000,0,0,0,0,0,1,1
0,2098,200000000000,180000000000,180000000000,200000000000,200000000000,160000000000,152320000000,0,1702400000,0,0,0,0,0,0,0,0,180000000000,0,0,180000000000,160000000000,160000000000,0,0,200000000000,200000000000,0,0,0,1,1,200000000000,200000000000,0,0,0,0,0,1,1
0,2099,200000000000,180000000000,180000000000,200000000000,200000000000,160000000000,152320000000,0,1702400000,0,0,0,0,0,0,0,0,180000000000,0,0,180000000000,160000000000,160000000000,0,0,200000000000,200000000000,0,0,0,1,1,200000000000,200000000000,0,0,0,0,0,1,1
0,2100,200000000000,180000000000,180000000000,200000000000,200000000000,160000000000,152320000000,0,1702400000,0,0,0,0,0,0,0,0,180000000000,0,0,180000000000,160000000000,160000000000,0,0,200000000000,200000000000,0,0,0,1,1,200000000000,200000000000,0,0,0,0,0,1,1
0,2101,200000000000,180000000000,180000000000,200000000000,200000000000,160000000000,152320000000,0,1702400000,0,0,0,0,0,0,0,0,180000000000,0,0,180000000000,160000000000,160000000000,0,0,200000000000,200000000000,0,0,0,1,1,200000000000,200000000000,0,0,0,0,0,1,1
0,2102,200000000000,180000000000,180000000000,200000000000,200000000000,160000000000,152320000000,0,1702400000,0,0,0,0,0,0,0,0,180000000000,0,0,180000000000,160000000000,160000000000,0,0,200000000000,200000000000,0,0,0,1,1,200000000000,200000000000,0,0,0,0,0,1,1
0,2103,200000000000,180000000000,180000000000,200000000000,200000000000,160000000000,152320000000,0,1702400000,0,0,0,0,0,0,0,0,180000000000,0,0,180000000000,160000000000,160000000000,0,0,200000000000,200000000000,0,0,0,1,1,200000000000,200000000000,0,0,0,0,0,1,1
0,2104,200000000000,180000000000,180000000000,200000000000,200000000000,160000000000,152320000000,0,1702400000,0,0,0,0,0,0,0,0,180000000000,0,0,180000000000,160000000000,160000000000,0,0,200000000000,200000000000,0,0,0,1,1,200000000000,200000000000,0,0,0,0,0,1,1
0,2105,200000000000,180000000000,180000000000,200000000000,200000000000,160000000000,152320000000,0,1702400000,0,0,0,0,0,0,0,0,180000000000,0,0,180000000000,160000000000,160000000000,0,0,200000000000,200000000000,0,0,0,1,1,200000000000,200000000000,0,0,0,0,0,1,1
0,2106,200000000000,180000000000,180000000000,200000000000,200000000000,160000000000,152320000000,0,1702400000,0,0,0,0,0,0,0,0,180000000000,0,0,180000000000,160000000000,160000000000,0,0,200000000000,200000000000,0,0,0,1,1,200000000000,200000000000,0,0,0,0,0,1,1
0,2107,200000000000,180000000000,180000000000,200000000000,200000000000,160000000000,152320000000,0,1702400000,0,0,0,0,0,0,0,0,180000000000,0,0,180000000000,160000000000,160000000000,0,0,200000000000,200000000000,0,0,0,1,1,200000000000,200000000000,0,0,0,0,0,1,1
0,2108,200000000000,180000000000,180000000000,200000000000,200000000000,160000000000,152320000000,0,1702400000,0,0,0,0,0,0,0,0,180000000000,0,0,180000000000,160000000000,160000000000,0,0,200000000000,200000000000,0,0,0,1,1,200000000000,200000000000,0,0,0,0,0,1,1
0,2109,200000000000,180000000000,180000000000,200000000000,200000000000,160000000000,152320000000,0,1702400000,0,0,0,0,0,0,0,0,180000000000,0,0,180000000000,160000000000,160000000000,0,0,200000000000,200000000000,0,0,0,1,1,200000000000,200000000000,0,0,0,0,0,1,1
0,2110,200000000000,180000000000,180000000000,200000000000,200000000000,160000000000,152320000000,0,1702400000,0,0,0,0,0,0,0,0,180000000000,0,0,180000000000,160000000000,160000000000,0,0,200000000000,200000000000,0,0,0,1,1,200000000000,200000000000,0,0,0,0,0,1,1
0,2111,200000000000,180000000000,180000000000,200000000000,200000000000,160000000000,152320000000,0,1702400000,0,0,0,0,0,0,0,0,180000000000,0,0,180000000000,160000000000,160000000000,0,0,200000000000,200000000000,0,0,0,1,1,200000000000,200000000000,0,0,0,0,0,1,1
0,2112,200000000000,180000000000,180000000000,200000000000,200000000000,160000000000,152320000000,0,1702400000,0,0,0,0,0,0,0,0,180000000000,0,0,180000000000,160000000000,160000000000,0,0,200000000000,200000000000,0,0,0,1,1,200000000000,200000000000,0,0,0,0,0,1,1
0,2113,200000000000,180000000000,180000000000,200000000000,200000000000,160000000000,152320000000,0,1702400000,0,0,0,0,0,0,0,0,180000000000,0,0,180000000000,160000000000,160000000000,0,0,200000000000,200000000000,0,0,0,1,1,200000000000,200000000000,0,0,0,0,0,1,1
0,2114,200000000000,180000000000,180000000000,200000000000,200000000000,160000000000,152320000000,0,1702400000,0,0,0,0,0,0,0,0,180000000000,0,0,180000000000,160000000000,160000000000,0,0,200000000000,200000000000,0,0,0,1,1,200000000000,200000000000,0,0,0,0,0,1,1
0,2115,200000000000,180000000000,180000000000,200000000000,200000000000,160000000000,152320000000,0,1702400000,0,0,0,0,0,0,0,0,180000000000,0,0,180000000000,160000000000,160000000000,0,0,200000000000,200000000000,0,0,0,1,1,200000000000,200000000000,0,0,0,0,0,1,1
0,2116,200000000000,180000000000,180000000000,200000000000,200000000000,160000000000,152320000000,0,1702400000,0,0,0,0,0,0,0,0,180000000000,0,0,180000000000,160000000000,160000000000,0,0,200000000000,200000000000,0,0,0,1,1,200000000000,200000000000,0,0,0,0,0,1,1
0,2117,200000000000,180000000000,180000000000,200000000000,200000000000,160000000000,152320000000,0,1702400000,0,0,0,0,0,0,0,0,180000000000,0,0,180000000000,160000000000,160000000000,0,0,200000000000,200000000000,0,0,0,1,1,200000000000,200000000000,0,0,0,0,0,1,1
0,2118,200000000000,180000000000,180000000000,200000000000,200000000000,160000000000,152320000000,0,1702400000,0,0,0,0,0,0,0,0,180000000000,0,0,180000000000,160000000000,160000000000,0,0,200000000000,200000000000,0,0,0,1,1,200000000000,200000000000,0,0,0,0,0,1,1
0,2119,200000000000,180000000000,180000000000,200000000000,200000000000,160000000000,152320000000,0,1702400000,0,0,0,0,0,0,0,0,180000000000,0,0,180000000000,160000000000,160000000000,0,0,200000000000,200000000000,0,0,0,1,1,200000000000,200000000000,0,0,0,0,0,1,1
0,2120,200000000000,180000000000,180000000000,200000000000,200000000000,160000000000,152320000000,0,1702400000,0,0,0,0,0,0,0,0,180000000000,0,0,180000000000,160000000000,160000000000,0,0,200000000000,200000000000,0,0,0,1,1,200000000000,200000000000,0,0,0,0,0,1,1
0,2121,200000000000,180000000000,180000000000,200000000000,200000000000,160000000000,152320000000,0,1702400000,0,0,0,0,0,0,0,0,180000000000,0,0,180000000000,160000000000,160000000000,0,0,200000000000,200000000000,0,0,0,1,1,200000000000,200000000000,0,0,0,0,0,1,1
0,2122,200000000000,180000000000,180000000000,200000000000,200000000000,160000000000,152320000000,0,1702400000,0,0,0,0,0,0,0,0,180000000000,0,0,180000000000,160000000000,160000000000,0,0,200000000000,200000000000,0,0,0,1,1,200000000000,200000000000,0,0,0,0,0,1,1
0,2123,200000000000,180000000000,180000000000,200000000000,200000000000,160000000000,152320000000,0,1702400000,0,0,0,0,0,0,0,0,180000000000,0,0,180000000000,160000000000,160000000000,0,0,200000000000,200000000000,0,0,0,1,1,200000000000,200000000000,0,0,0,0,0,1,1
0,2124,200000000000,180000000000,180000000000,200000000000,200000000000,160000000000,152320000000,0,1702400000,0,0,0,0,0,0,0,0,180000000000,0,0,180000000000,160000000000,160000000000,0,0,200000000000,200000000000,0,0,0,1,1,200000000000,200000000000,0,0,0,0,0,1,1
0,2125,200000000000,180000000000,180000000000,200000000000,200000000000,160000000000,152320000000,0,1702400000,0,0,0,0,0,0,0,0,180000000000,0,0,180000000000,160000000000,160000000000,0,0,200000000000,200000000000,0,0,0,1,1,200000000000,200000000000,0,0,0,0,0,1,1
0,2126,200000000000,180000000000,180000000000,200000000000,200000000000,160000000000,152320000000,0,1702400000,0,0,0,0,0,0,0,0,180000000000,0,0,180000000000,160000000000,160000000000,0,0,200000000000,200000000000,0,0,0,1,1,200000000000,200000000000,0,0,0,0,0,1,1
0,2127,200000000000,180000000000,180000000000,200000000000,200000000000,160000000000,152320000000,0,1702400000,0,0,0,0,0,0,0,0,180000000000,0,0,180000000000,160000000000,160000000000,0,0,200000000000,200000000000,0,0,0,1,1,200000000000,200000000000,0,0,0,0,0,1,1
0,2128,200000000000,180000000000,180000000000,200000000000,200000000000,160000000000,152320000000,0,1702400000,0,0,0,0,0,0,0,0,180000000000,0,0,180000000000,160000000000,160000000000,0,0,200000000000,200000000000,0,0,0,1,1,200000000000,200000000000,0,0,0,0,0,1,1
0,2129,200000000000,180000000000,180000000000,200000000000,200000000000,160000000000,152320000000,0,1702400000,0,0,0,0,0,0,0,0,180000000000,0,0,180000000000,160000000000,160000000000,0,0,200000000000,200000000000,0,0,0,1,1,200000000000,200000000000,0,0,0,0,0,1,1
0,2130,200000000000,180000000000,180000000000,200000000000,200000000000,160000000000,152320000000,0,1702400000,0,0,0,0,0,0,0,0,180000000000,0,0,180000000000,160000000000,160000000000,0,0,200000000000,200000000000,0,0,0,1,1,200000000000,200000000000,0,0,0,0,0,1,1
0,2131,200000000000,180000000000,180000000000,200000000000,200000000000,160000000000,152320000000,0,1702400000,0,0,0,0,0,0,0,0,180000000000,0,0,180000000000,160000000000,160000000000,0,0,200000000000,200000000000,0,0,0,1,1,200000000000,200000000000,0,0,0,0,0,1,1
0,2132,200000000000,180000000000,180000000000,200000000000,200000000000,160000000000,152320000000,0,1702400000,0,0,0,0,0,0,0,0,180000000000,0,0,180000000000,160000000000,160000000000,0,0,200000000000,200000000000,0,0,0,1,1,200000000000,200000000000,0,0,0,0,0,1,1
0,2133,200000000000,180000000000,180000000000,200000000000,200000000000,160000000000,152320000000,0,1702400000,0,0,0,0,0,0,0,0,180000000000,0,0,180000000000,160000000000,160000000000,0,0,200000000000,200000000000,0,0,0,1,1,200000000000,200000000000,0,0,0,0,0,1,1
0,2134,200000000000,180000000000,180000000000,200000000000,200000000000,160000000000,152320000000,0,1702400000,0,0,0,0,0,0,0,0,180000000000,0,0,180000000000,160000000000,160000000000,0,0,200000000000,200000000000,0,0,0,1,1,200000000000,200000000000,0,0,0,0,0,1,1
0,2135,200000000000,180000000000,180000000000,200000000000,200000000000,160000000000,152320000000,0,1702400000,0,0,0,0,0,0,0,0,180000000000,0,0,180000000000,160000000000,160000000000,0,0,200000000000,200000000000,0,0,0,1,1,200000000000,200000000000,0,0,0,0,0,1,1
0,2136,200000000000,180000000000,180000000000,200000000000,200000000000,160000000000,152320000000,0,1702400000,0,0,0,0,0,0,0,0,180000000000,0,0,180000000000,160000000000,160000000000,0,0,200000000000,200000000000,0,0,0,1,1,200000000000,200000000000,0,0,0,0,0,1,1
0,2137,200000000000,180000000000,180000000000,200000000000,200000000000,160000000000,152320000000,0,1702400000,0,0,0,0,0,0,0,0,180000000000,0,0,180000000000,160000000000,160000000000,0,0,200000000000,200000000000,0,0,0,1,1,200000000000,200000000000,0,0,0,0,0,1,1
0,2138,200000000000,180000000000,180000000000,200000000000,200000000000,160000000000,152320000000,0,1702400000,0,0,0,0,0,0,0,0,180000000000,0,0,180000000000,160000000000,160000000000,0,0,200000000000,200000000000,0,0,0,1,1,200000000000,200000000000,0,0,0,0,0,1,1
0,2139,200000000000,180000000000,180000000000,200000000000,200000000000,160000000000,152320000000,0,1702400000,0,0,0,0,0,0,0,0,180000000000,0,0,180000000000,160000000000,160000000000,0,0,200000000000,200000000000,0,0,0,1,1,200000000000,200000000000,0,0,0,0,0,1,1
0,2140,200000000000,180000000000,180000000000,200000000000,200000000000,160000000000,152320000000,0,1702400000,0,0,0,0,0,0,0,0,180000000000,0,0,180000000000,160000000000,160000000000,0,0,200000000000,200000000000,0,0,0,1,1,200000000000,200000000000,0,0,0,0,0,1,1
0,2141,200000000000,180000000000,180000000000,200000000000,200000000000,160000000000,152320000000,0,1702400000,0,0,0,0,0,0,0,0,180000000000,0,0,180000000000,160000000000,160000000000,0,0,200000000000,200000000000,0,0,0,1,1,200000000000,200000000000,0,0,0,0,0,1,1
0,2142,200000000000,180000000000,180000000000,200000000000,200000000000,160000000000,152320000000,0,1702400000,0,0,0,0,0,0,0,0,180000000000,0,0,180000000000,160000000000,160000000000,0,0,200000000000,200000000000,0,0,0,1,1,200000000000,200000000000,0,0,0,0,0,1,1
0,2143,200000000000,180000000000,180000000000,200000000000,200000000000,160000000000,152320000000,0,1702400000,0,0,0,0,0,0,0,0,180000000000,0,0,180000000000,160000000000,160000000000,0,0,200000000000,200000000000,0,0,0,1,1,200000000000,200000000000,0,0,0,0,0,1,1
0,2144,200000000000,180000000000,180000000000,200000000000,200000000000,160000000000,152320000000,0,1702400000,0,0,0,0,0,0,0,0,180000000000,0,0,180000000000,160000000000,160000000000,0,0,200000000000,200000000000,0,0,0,1,1,200000000000,200000000000,0,0,0,0,0,1,1
0,2145,200000000000,180000000000,180000000000,200000000000,200000000000,160000000000,152320000000,0,1702400000,0,0,0,0,0,0,0,0,180000000000,0,0,180000000000,160000000000,160000000000,0,0,200000000000,200000000000,0,0,0,1,1,200000000000,200000000000,0,0,0,0,0,1,1
0,2146,200000000000,180000000000,180000000000,200000000000,200000000000,160000000000,152320000000,0,1702400000,0,0,0,0,0,0,0,0,180000000000,0,0,180000000000,160000000000,160000000000,0,0,200000000000,200000000000,0,0,0,1,1,200000000000,200000000000,0,0,0,0,0,1,1
0,2147,200000000000,180000000000,180000000000,200000000000,200000000000,160000000000,152320000000,0,1702400000,0,0,0,0,0,0,0,0,180000000000,0,0,180000000000,160000000000,160000000000,0,0,200000000000,200000000000,0,0,0,1,1,200000000000,200000000000,0,0,0,0,0,1,1
0,2148,200000000000,180000000000,180000000000,200000000000,200000000000,160000000000,152320000000,0,1702400000,0,0,0,0,0,0,0,0,180000000000,0,0,180000000000,160000000000,160000000000,0,0,200000000000,200000000000,0,0,0,1,1,200000000000,200000000000,0,0,0,0,0,1,1
0,2149,200000000000,180000000000,180000000000,200000000000,200000000000,160000000000,152320000000,0,1702400000,0,0,0,0,0,0,0,0,180000000000,0,0,180000000000,160000000000,160000000000,0,0,200000000000,200000000000,0,0,0,1,1,200000000000,200000000000,0,0,0,0,0,1,1
0,2150,200000000000,180000000000,180000000000,200000000000,200000000000,160000000000,152320000000,0,1702400000,0,0,0,0,0,0,0,0,180000000000,0,0,180000000000,160000000000,160000000000,0,0,200000000000,200000000000,0,0,0,1,1,200000000000,200000000000,0,0,0,0,0,1,1
0,2151,200000000000,180000000000,180000000000,200000000000,200000000000,160000000000,152320000000,0,1702400000,0,0,0,0,0,0,0,0,180000000000,0,0,180000000000,160000000000,160000000000,0,0,200000000000,200000000000,0,0,0,1,1,200000000000,200000000000,0,0,0,0,0,1,1
0,2152,200000000000,180000000000,180000000000,200000000000,200000000000,160000000000,152320000000,0,1702400000,0,0,0,0,0,0,0,0,180000000000,0,0,180000000000,160000000000,160000000000,0,0,200000000000,200000000000,0,0,0,1,1,200000000000,200000000000,0,0,0,0,0,1,1
0,2153,200000000000,180000000000,180000000000,200000000000,200000000000,160000000000,152320000000,0,1702400000,0,0,0,0,0,0,0,0,180000000000,0,0,180000000000,160000000000,160000000000,0,0,200000000000,200000000000,0,0,0,1,1,200000000000,200000000000,0,0,0,0,0,1,1
0,2154,200000000000,180000000000,180000000000,200000000000,200000000000,160000000000,152320000000,0,1702400000,0,0,0,0,0,0,0,0,180000000000,0,0,180000000000,160000000000,160000000000,0,0,200000000000,200000000000,0,0,0,1,1,200000000000,200000000000,0,0,0,0,0,1,1
0,2155,200000000000,180000000000,180000000000,200000000000,200000000000,160000000000,152320000000,0,1702400000,0,0,0,0,0,0,0,0,180000000000,0,0,180000000000,160000000000,160000000000,0,0,200000000000,200000000000,0,0,0,1,1,200000000000,200000000000,0,0,0,0,0,1,1
0,2156,200000000000,180000000000,180000000000,200000000000,200000000000,160000000000,152320000000,0,1702400000,0,0,0,0,0,0,0,0,180000000000,0,0,180000000000,160000000000,160000000000,0,0,200000000000,200000000000,0,0,0,1,1,200000000000,200000000000,0,0,0,0,0,1,1
0,2157,200000000000,180000000000,180000000000,200000000000,200000000000,160000000000,152320000000,0,1702400000,0,0,0,0,0,0,0,0,180000000000,0,0,180000000000,160000000000,160000000000,0,0,200000000000,200000000000,0,0,0,1,1,200000000000,200000000000,0,0,0,0,0,1,1
0,2158,200000000000,180000000000,180000000000,200000000000,200000000000,160000000000,152320000000,0,1702400000,0,0,0,0,0,0,0,0,180000000000,0,0,180000000000,160000000000,160000000000,0,0,200000000000,200000000000,0,0,0,1,1,200000000000,200000000000,0,0,0,0,0,1,1
0,2159,200000000000,180000000000,180000000000,200000000000,200000000000,160000000000,152320000000,0,1702400000,0,0,0,0,0,0,0,0,180000000000,0,0,180000000000,160000000000,160000000000,0,0,200000000000,200000000000,0,0,0,1,1,200000000000,200000000000,0,0,0,0,0,1,1
0,2160,200000000000,180000000000,180000000000,200000000000,200000000000,160000000000,152320000000,0,1702400000,0,0,0,0,0,0,0,0,180000000000,0,0,180000000000,160000000000,160000000000,0,0,200000000000,200000000000,0,0,0,1,1,200000000000,200000000000,0,0,0,0,0,1,1
0,2161,200000000000,180000000000,180000000000,200000000000,200000000000,160000000000,152320000000,0,1702400000,0,0,0,0,0,0,0,0,180000000000,0,0,180000000000,160000000000,160000000000,0,0,200000000000,200000000000,0,0,0,1,1,200000000000,200000000000,0,0,0,0,0,1,1
0,2162,200000000000,180000000000,180000000000,200000000000,200000000000,160000000000,152320000000,0,1702400000,0,0,0,0,0,0,0,0,180000000000,0,0,180000000000,160000000000,160000000000,0,0,200000000000,200000000000,0,0,0,1,1,200000000000,200000000000,0,0,0,0,0,1,1
0,2163,200000000000,180000000000,180000000000,200000000000,200000000000,160000000000,152320000000,0,1702400000,0,0,0,0,0,0,0,0,180000000000,0,0,180000000000,160000000000,160000000000,0,0,200000000000,200000000000,0,0,0,1,1,200000000000,200000000000,0,0,0,0,0,1,1
0,2164,200000000000,180000000000,180000000000,200000000000,200000000000,160000000000,152320000000,0,1702400000,0,0,0,0,0,0,0,0,180000000000,0,0,180000000000,160000000000,160000000000,0,0,200000000000,200000000000,0,0,0,1,1,200000000000,200000000000,0,0,0,0,0,1,1
0,2165,200000000000,180000000000,180000000000,200000000000,200000000000,160000000000,152320000000,0,1702400000,0,0,0,0,0,0,0,0,180000000000,0,0,180000000000,160000000000,160000000000,0,0,200000000000,200000000000,0,0,0,1,1,200000000000,200000000000,0,0,0,0,0,1,1
0,2166,200000000000,180000000000,180000000000,200000000000,200000000000,160000000000,152320000000,0,1702400000,0,0,0,0,0,0,0,0,180000000000,0,0,180000000000,160000000000,160000000000,0,0,200000000000,200000000000,0,0,0,1,1,200000000000,200000000000,0,0,0,0,0,1,1
0,2167,200000000000,180000000000,180000000000,200000000000,200000000000,160000000000,152320000000,0,1702400000,0,0,0,0,0,0,0,0,180000000000,0,0,180000000000,160000000000,160000000000,0,0,200000000000,200000000000,0,0,0,1,1,200000000000,200000000000,0,0,0,0,0,1,1
0,2168,200000000000,180000000000,180000000000,200000000000,200000000000,160000000000,152320000000,0,1702400000,0,0,0,0,0,0,0,0,180000000000,0,0,180000000000,160000000000,160000000000,0,0,200000000000,200000000000,0,0,0,1,1,200000000000,200000000000,0,0,0,0,0,1,1
0,2169,200000000000,180000000000,180000000000,200000000000,200000000000,160000000000,152320000000,0,1702400000,0,0,0,0,0,0,0,0,180000000000,0,0,180000000000,160000000000,160000000000,0,0,200000000000,200000000000,0,0,0,1,1,200000000000,200000000000,0,0,0,0,0,1,1
0,2170,200000000000,180000000000,180000000000,200000000000,200000000000,160000000000,152320000000,0,1702400000,0,0,0,0,0,0,0,0,180000000000,0,0,180000000000,160000000000,160000000000,0,0,200000000000,200000000000,0,0,0,1,1,200000000000,200000000000,0,0,0,0,0,1,1
0,2171,200000000000,180000000000,180000000000,200000000000,200000000000,160000000000,152320000000,0,1702400000,0,0,0,0,0,0,0,0,180000000000,0,0,180000000000,160000000000,160000000000,0,0,200000000000,200000000000,0,0,0,1,1,200000000000,200000000000,0,0,0,0,0,1,1
0,2172,200000000000,180000000000,180000000000,200000000000,200000000000,160000000000,152320000000,0,1702400000,0,0,0,0,0,0,0,0,180000000000,0,0,180000000000,160000000000,160000000000,0,0,200000000000,200000000000,0,0,0,1,1,200000000000,200000000000,0,0,0,0,0,1,1
0,2173,200000000000,180000000000,180000000000,200000000000,200000000000,160000000000,152320000000,0,1702400000,0,0,0,0,0,0,0,0,180000000000,0,0,180000000000,160000000000,160000000000,0,0,200000000000,200000000000,0,0,0,1,1,200000000000,200000000000,0,0,0,0,0,1,1
0,2174,200000000000,180000000000,180000000000,200000000000,200000000000,160000000000,152320000000,0,1702400000,0,0,0,0,0,0,0,0,180000000000,0,0,180000000000,160000000000,160000000000,0,0,200000000000,200000000000,0,0,0,1,1,200000000000,200000000000,0,0,0,0,0,1,1
0,2175,200000000000,180000000000,180000000000,200000000000,200000000000,160000000000,152320000000,0,1702400000,0,0,0,0,0,0,0,0,180000000000,0,0,180000000000,160000000000,160000000000,0,0,200000000000,200000000000,0,0,0,1,1,200000000000,200000000000,0,0,0,0,0,1,1
0,2176,200000000000,180000000000,180000000000,200000000000,200000000000,160000000000,152320000000,0,1702400000,0,0,0,0,0,0,0,0,180000000000,0,0,180000000000,160000000000,160000000000,0,0,200000000000,200000000000,0,0,0,1,1,200000000000,200000000000,0,0,0,0,0,1,1
0,2177,200000000000,180000000000,180000000000,200000000000,200000000000,160000000000,152320000000,0,1702400000,0,0,0,0,0,0,0,0,180000000000,0,0,180000000000,160000000000,160000000000,0,0,200000000000,200000000000,0,0,0,1,1,200000000000,200000000000,0,0,0,0,0,1,1
0,2178,200000000000,180000000000,180000000000,200000000000,200000000000,160000000000,152320000000,0,1702400000,0,0,0,0,0,0,0,0,180000000000,0,0,180000000000,160000000000,160000000000,0,0,200000000000,200000000000,0,0,0,1,1,200000000000,200000000000,0,0,0,0,0,1,1
0,2179,200000000000,180000000000,180000000000,200000000000,200000000000,160000000000,152320000000,0,1702400000,0,0,0,0,0,0,0,0,180000000000,0,0,180000000000,160000000000,160000000000,0,0,200000000000,200000000000,0,0,0,1,1,200000000000,200000000000,0,0,0,0,0,1,1
0,2180,200000000000,180000000000,180000000000,200000000000,200000000000,160000000000,152320000000,0,1702400000,0,0,0,0,0,0,0,0,180000000000,0,0,180000000000,160000000000,160000000000,0,0,200000000000,200000000000,0,0,0,1,1,200000000000,200000000000,0,0,0,0,0,1,1
0,2181,200000000000,180000000000,180000000000,200000000000,200000000000,160000000000,152320000000,0,1702400000,0,0,0,0,0,0,0,0,180000000000,0,0,180000000000,160000000000,160000000000,0,0,200000000000,200000000000,0,0,0,1,1,200000000000,200000000000,0,0,0,0,0,1,1
0,2182,200000000000,180000000000,180000000000,200000000000,200000000000,160000000000,152320000000,0,1702400000,0,0,0,0,0,0,0,0,180000000000,0,0,180000000000,160000000000,160000000000,0,0,200000000000,200000000000,0,0,0,1,1,200000000000,200000000000,0,0,0,0,0,1,1
0,2183,200000000000,180000000000,180000000000,200000000000,200000000000,160000000000,152320000000,0,1702400000,0,0,0,0,0,0,0,0,180000000000,0,0,180000000000,160000000000,160000000000,0,0,200000000000,200000000000,0,0,0,1,1,200000000000,200000000000,0,0,0,0,0,1,1
0,2184,200000000000,180000000000,180000000000,200000000000,200000000000,160000000000,152320000000,0,1702400000,0,0,0,0,0,0,0,0,180000000000,0,0,180000000000,160000000000,160000000000,0,0,200000000000,200000000000,0,0,0,1,1,200000000000,200000000000,0,0,0,0,0,1,1
0,2185,200000000000,180000000000,180000000000,200000000000,200000000000,160000000000,152320000000,0,1702400000,0,0,0,0,0,0,0,0,180000000000,0,0,180000000000,160000000000,160000000000,0,0,200000000000,200000000000,0,0,0,1,1,200000000000,200000000000,0,0,0,0,0,1,1
0,2186,200000000000,180000000000,180000000000,200000000000,200000000000,160000000000,152320000000,0,1702400000,0,0,0,0,0,0,0,0,180000000000,0,0,180000000000,160000000000,160000000000,0,0,200000000000,200000000000,0,0,0,1,1,200000000000,200000000000,0,0,0,0,0,1,1
0,2187,200000000000,180000000000,180000000000,200000000000,200000000000,160000000000,152320000000,0,1702400000,0,0,0,0,0,0,0,0,180000000000,0,0,180000000000,160000000000,160000000000,0,0,200000000000,200000000000,0,0,0,1,1,200000000000,200000000000,0,0,0,0,0,1,1
0,2188,200000000000,180000000000,180000000000,200000000000,200000000000,160000000000,152320000000,0,1702400000,0,0,0,0,0,0,0,0,180000000000,0,0,180000000000,160000000000,160000000000,0,0,200000000000,200000000000,0,0,0,1,1,200000000000,200000000000,0,0,0,0,0,1,1
0,2189,200000000000,180000000000,180000000000,200000000000,200000000000,160000000000,152320000000,0,1702400000,0,0,0,0,0,0,0,0,180000000000,0,0,180000000000,160000000000,160000000000,0,0,200000000000,200000000000,0,0,0,1,1,200000000000,200000000000,0,0,0,0,0,1,1
0,2190,200000000000,180000000000,180000000000,200000000000,200000000000,160000000000,152320000000,0,1702400000,0,0,0,0,0,0,0,0,180000000000,0,0,180000000000,160000000000,160000000000,0,0,200000000000,200000000000,0,0,0,1,1,200000000000,200000000000,0,0,0,0,0,1,1
0,2191,200000000000,180000000000,180000000000,200000000000,200000000000,160000000000,152320000000,0,1702400000,0,0,0,0,0,0,0,0,180000000000,0,0,180000000000,160000000000,160000000000,0,0,200000000000,200000000000,0,0,0,1,1,200000000000,200000000000,0,0,0,0,0,1,1
0,2192,200000000000,180000000000,180000000000,200000000000,200000000000,160000000000,152320000000,0,1702400000,0,0,0,0,0,0,0,0,180000000000,0,0,180000000000,160000000000,160000000000,0,0,200000000000,200000000000,0,0,0,1,1,200000000000,200000000000,0,0,0,0,0,1,1
0,2193,200000000000,180000000000,180000000000,200000000000,200000000000,160000000000,152320000000,0,1702400000,0,0,0,0,0,0,0,0,180000000000,0,0,180000000000,160000000000,160000000000,0,0,200000000000,200000000000,0,0,0,1,1,200000000000,200000000000,0,0,0,0,0,1,1
0,2194,200000000000,180000000000,180000000000,200000000000,200000000000,160000000000,152320000000,0,1702400000,0,0,0,0,0,0,0,0,180000000000,0,0,180000000000,160000000000,160000000000,0,0,200000000000,200000000000,0,0,0,1,1,200000000000,200000000000,0,0,0,0,0,1,1
0,2195,200000000000,180000000000,180000000000,200000000000,200000000000,160000000000,152320000000,0,1702400000,0,0,0,0,0,0,0,0,180000000000,0,0,180000000000,160000000000,160000000000,0,0,200000000000,200000000000,0,0,0,1,1,200000000000,200000000000,0,0,0,0,0,1,1
0,2196,200000000000,180000000000,180000000000,200000000000,200000000000,160000000000,152320000000,0,1702400000,0,0,0,0,0,0,0,0,180000000000,0,0,180000000000,160000000000,160000000000,0,0,200000000000,200000000000,0,0,0,1,1,200000000000,200000000000,0,0,0,0,0,1,1
0,2197,200000000000,180000000000,180000000000,200000000000,200000000000,160000000000,152320000000,0,1702400000,0,0,0,0,0,0,0,0,180000000000,0,0,180000000000,160000000000,160000000000,0,0,200000000000,200000000000,0,0,0,1,1,200000000000,200000000000,0,0,0,0,0,1,1
0,2198,200000000000,180000000000,180000000000,200000000000,200000000000,160000000000,152320000000,0,1702400000,0,0,0,0,0,0,0,0,180000000000,0,0,180000000000,160000000000,160000000000,0,0,200000000000,200000000000,0,0,0,1,1,200000000000,200000000000,0,0,0,0,0,1,1
0,2199,200000000000,180000000000,180000000000,200000000000,200000000000,160000000000,152320000000,0,1702400000,0,0,0,0,0,0,0,0,180000000000,0,0,180000000000,160000000000,160000000000,0,0,200000000000,200000000000,0,0,0,1,1,200000000000,200000000000,0,0,0,0,0,1,1
0,2200,200000000000,180000000000,180000000000,200000000000,200000000000,160000000000,152320000000,0,1702400000,0,0,0,0,0,0,0,0,180000000000,0,0,180000000000,160000000000,160000000000,0,0,200000000000,200000000000,0,0,0,1,1,200000000000,200000000000,0,0,0,0,0,1,1
0,4002,200000000000,180000000000,180000000000,134453781504,134453781504,154519999936,156889600000,0,1702400000,0,0,0,0,0,0,0,0,180000000000,0,0,180000000000,160000000000,160000000000,0,0,184000000000,134453781504,45546218496,4,0,1,64,134453781504,134453781504,0,0,0,0,0,65,0
0,4003,200000000000,180000000000,180000000000,134453781504,134453781504,154519999936,135564800000,0,1702400000,0,0,0,0,0,0,0,0,180000000000,0,0,180000000000,160000000000,160000000000,0,0,184000000000,134453781504,45546218496,4,0,1,64,134453781504,134453781504,0,0,0,0,0,65,0
0,4004,200000000000,180000000000,180000000000,134453781504,134453781504,154519999936,106624000000,0,1702400000,0,0,0,0,0,0,0,0,180000000000,0,0,180000000000,267200000000,198400000000,0,0,184000000000,134453781504,45546218496,4,0,1,64,134453781504,134453781504,0,0,0,0,0,65,0
0,4005,200000000000,180000000000,180000000000,134608000000,134608000000,154611759936,147750400000,0,1702400000,0,0,0,0,0,0,0,0,180000000000,4000000000,0,183808000000,241600000000,200000000000,0,0,184000000000,134608000000,49200000000,4,0,1,64,134608000001,134608000000,0,0,0,0,0,65,0
0,4006,200000000000,180000000000,180000000000,153425600000,134608000000,166513997120,135564800000,0,1702400000,0,0,0,0,0,0,0,0,180000000000,4000000000,0,183808000000,188800000000,200000000000,0,0,184000000000,153425600000,30382400000,4,0,1,64,153425600001,153425600000,0,0,0,0,0,65,0
0,4007,200000000000,180000000000,180000000000,163797920000,134608000000,173595828224,172121600000,0,1702400000,0,0,0,0,0,0,0,0,180000000000,4000000000,0,183808000000,188800000000,200000000000,0,0,184000000000,163797920000,20010080000,4,0,1,64,163797920001,163797920000,0,0,0,0,0,65,0
0,4008,200000000000,180000000000,180000000000,171058544000,134608000000,177809517760,144704000000,0,1702400000,0,0,0,0,0,0,0,0,180000000000,0,0,183808000000,214400000000,200000000000,0,0,184000000000,171058544000,12749456000,4,0,1,64,171058544001,171058544000,0,0,0,0,0,65,0
0,4009,200000000000,180000000000,180000000000,172140980800,172140980800,176943883520,170598400000,0,1702400000,0,0,0,0,0,0,0,0,180000000000,0,0,183808000000,208000000000,200000000000,0,0,184000000000,172140980800,11667019200,4,0,1,64,172140980801,172140980800,0,0,0,0,0,65,0
0,4010,200000000000,180000000000,180000000000,175698686528,172140980800,179801610688,194969600000,0,1702400000,0,0,0,0,0,0,0,14969600000,180000000000,0,0,183808000000,182400000000,200000000000,0,0,184000000000,175698686528,8109313472,4,0,1,64,175698686561,175698686528,0,0,0,0,0,65,0
0,4011,200000000000,180000000000,180000000000,178189080576,172140980800,181501958336,156889600000,0,1702400000,0,0,0,0,0,1501958336,1,0,180000000000,4000000000,0,183808000000,209600000000,200000000000,0,0,184000000000,178189080576,5618919424,4,0,1,64,178189080593,178189080576,0,0,0,0,0,65,0
0,4012,200000000000,180000000000,180000000000,183932356416,183932356416,183959752064,156889600000,0,1702400000,0,0,0,0,0,3959752064,1,0,180000000000,4000000000,0,183808000000,211200000000,200000000000,0,0,184000000000,183932356416,0,0,0,1,64,183932356416,183932356416,0,0,0,0,0,65,0
0,4013,200000000000,180000000000,180000000000,185152649472,185152649472,185152649472,182784000000,0,1702400000,0,0,0,0,0,5152649472,1,2784000000,180000000000,4000000000,0,183808000000,182400000000,200000000000,0,0,184000000000,185152649472,0,0,0,1,64,185152649492,185152649472,0,0,0,0,0,65,0
0,4014,200000000000,180000000000,180000000000,186006854592,186006854592,186006854592,185830400000,0,1702400000,0,0,0,0,0,6006854592,1,5830400000,180000000000,0,0,183808000000,198400000000,200000000000,0,0,184000000000,186006854592,0,0,0,1,64,186006854645,186006854592,0,0,0,0,0,65,0
0,4015,200000000000,180000000000,180000000000,182604798208,186006854592,186006854592,194969600000,0,1702400000,0,0,0,0,0,6006854592,1,14969600000,180000000000,0,0,183808000000,214400000000,200000000000,0,0,184000000000,182604798208,1203201792,4,0,1,64,182604798252,182604798208,0,0,0,0,0,65,0
0,4016,200000000000,180000000000,180000000000,183023358720,186006854592,190986524480,166028800000,0,1702400000,0,0,0,0,0,10986524480,1,0,180000000000,0,0,183808000000,212800000000,200000000000,0,0,184000000000,183023358720,784641280,4,0,1,64,183023358777,183023358720,0,0,0,0,0,65,0
0,4017,200000000000,180000000000,180000000000,187516351104,186006854592,193949428032,161459200000,0,1702400000,0,0,0,0,0,13949428032,1,0,180000000000,4000000000,0,183808000000,208000000000,200000000000,0,0,184000000000,187516351104,0,0,0,1,64,187516351144,187516351104,0,0,0,0,0,65,0
0,4018,200000000000,180000000000,180000000000,194661445760,194661445760,196136006208,184307200000,0,1702400000,0,0,0,0,0,16136006208,1,4307200000,180000000000,4000000000,0,183808000000,190400000000,200000000000,0,0,184000000000,194661445760,0,0,0,1,64,194661445801,194661445760,0,0,0,0,0,65,0
0,4019,200000000000,180000000000,180000000000,196863012032,196863012032,197445938176,187353600000,0,1702400000,0,0,0,0,0,17445938176,1,7353600000,180000000000,4000000000,0,183808000000,184000000000,200000000000,0,0,184000000000,196863012032,0,0,0,1,64,196863012061,196863012032,0,0,0,0,0,65,0
0,4020,200000000000,180000000000,180000000000,198404108416,198404108416,198404108416,188876800000,0,1702400000,0,0,0,0,0,18404108416,1,8876800000,180000000000,0,0,183808000000,201600000000,200000000000,0,0,184000000000,198404108416,0,0,0,1,64,198404108443,198404108416,0,0,0,0,0,65,0
0,4021,200000000000,180000000000,180000000000,195482875904,198404108416,198404108416,193446400000,0,1702400000,0,0,0,0,0,18404108416,1,13446400000,180000000000,0,0,183808000000,203200000000,200000000000,0,0,184000000000,195482875904,0,0,0,1,64,195482875911,195482875904,0,0,0,0,0,65,0
0,4022,200000000000,180000000000,180000000000,196238013120,198404108416,198404108416,194969600000,0,1702400000,0,0,0,0,0,18404108416,1,14969600000,180000000000,0,0,183808000000,206400000000,200000000000,0,0,184000000000,196238013120,0,0,0,1,64,196238013138,196238013120,0,0,0,0,0,65,0
0,4023,200000000000,180000000000,180000000000,196766609152,198404108416,198404108416,194969600000,0,1702400000,0,0,0,0,0,18404108416,1,14969600000,180000000000,4000000000,0,183808000000,208000000000,200000000000,0,0,184000000000,196766609152,0,0,0,1,64,196766609197,196766609152,0,0,0,0,0,65,0
0,4024,200000000000,180000000000,180000000000,201136626432,201136626432,201136626432,185830400000,0,1702400000,0,0,0,0,0,21136626432,1,5830400000,180000000000,4000000000,0,183808000000,204800000000,200000000000,0,0,184000000000,201136626432,0,0,0,1,64,201136626438,201136626432,0,0,0,0,0,65,0
0,4025,200000000000,180000000000,180000000000,201395638464,201395638464,201395638464,194969600000,0,1702400000,0,0,0,0,0,21395638464,1,14969600000,180000000000,4000000000,0,183808000000,201600000000,200000000000,0,0,184000000000,201395638464,0,0,0,1,64,201395638507,201395638464,0,0,0,0,0,65,0
0,4026,200000000000,180000000000,180000000000,201576946944,201576946944,201576946944,194969600000,0,1702400000,0,0,0,0,0,21576946944,1,14969600000,180000000000,0,0,183808000000,208000000000,200000000000,0,0,184000000000,201576946944,0,0,0,1,64,201576946955,201576946944,0,0,0,0,0,65,0
0,4027,200000000000,180000000000,180000000000,197703862848,201576946944,201576946944,194969600000,0,1702400000,0,0,0,0,0,21576946944,1,14969600000,180000000000,0,0,183808000000,206400000000,200000000000,0,0,184000000000,197703862848,0,0,0,1,64,197703862869,197703862848,0,0,0,0,0,65,0
0,4028,200000000000,180000000000,180000000000,197792704000,201576946944,201576946944,194969600000,0,1702400000,0,0,0,0,0,21576946944,1,14969600000,180000000000,0,0,183808000000,208000000000,200000000000,0,0,184000000000,197792704000,0,0,0,1,64,197792704009,197792704000,0,0,0,0,0,65,0
0,4029,200000000000,180000000000,180000000000,197854892800,201576946944,201576946944,194969600000,0,1702400000,0,0,0,0,0,21576946944,1,14969600000,180000000000,4000000000,0,183808000000,206400000000,200000000000,0,0,184000000000,197854892800,0,0,0,1,64,197854892807,197854892800,0,0,0,0,0,65,0
0,4030,200000000000,180000000000,180000000000,201898424960,201898424960,202664449024,194969600000,0,1702400000,0,0,0,0,0,22664449024,1,14969600000,180000000000,4000000000,0,183808000000,206400000000,200000000000,0,0,184000000000,201898424960,0,0,0,1,64,201898424965,201898424960,0,0,0,0,0,65,0
0,4031,200000000000,180000000000,180000000000,201928897472,201898424960,202664449024,194969600000,0,1702400000,0,0,0,0,0,22664449024,1,14969600000,180000000000,4000000000,0,183808000000,208000000000,200000000000,0,0,184000000000,201928897472,0,0,0,1,64,201928897476,201928897472,0,0,0,0,0,65,0
0,4032,200000000000,180000000000,180000000000,201950228224,201898424960,202664449024,194969600000,0,1702400000,0,0,0,0,0,22664449024,1,14969600000,180000000000,0,0,183808000000,206400000000,200000000000,0,0,184000000000,201950228224,0,0,0,1,64,201950228234,201950228224,0,0,0,0,0,65,0
0,4033,200000000000,180000000000,180000000000,197965159744,197965159744,197965159744,194969600000,0,1702400000,0,0,0,0,0,17965159744,1,14969600000,180000000000,0,0,183808000000,206400000000,200000000000,0,0,184000000000,197965159744,0,0,0,1,64,197965159764,197965159744,0,0,0,0,0,65,0
0,4034,200000000000,180000000000,180000000000,197975611776,197975611776,197975611776,176691200000,0,1702400000,0,0,0,0,0,17975611776,1,0,180000000000,0,0,183808000000,203200000000,200000000000,0,0,184000000000,197975611776,0,0,0,1,64,197975611835,197975611776,0,0,0,0,0,65,0
0,4035,200000000000,180000000000,180000000000,197982928256,197982928256,197982928256,184307200000,0,1702400000,0,0,0,0,0,17982928256,1,4307200000,180000000000,4000000000,0,183808000000,193600000000,200000000000,0,0,184000000000,197982928256,0,0,0,1,64,197982928285,197982928256,0,0,0,0,0,65,0
0,4036,200000000000,180000000000,180000000000,201982928256,201982928256,201982928256,188876800000,0,1702400000,0,0,0,0,0,21982928256,1,8876800000,180000000000,4000000000,0,183808000000,195200000000,200000000000,0,0,184000000000,201982928256,0,0,0,1,64,201982928285,201982928256,0,0,0,0,0,65,0
0,4037,200000000000,180000000000,180000000000,201982928256,201982928256,201982928256,193446400000,0,1702400000,0,0,0,0,0,21982928256,1,13446400000,180000000000,4000000000,0,183808000000,193600000000,200000000000,0,0,184000000000,201982928256,0,0,0,1,64,201982928285,201982928256,0,0,0,0,0,65,0
0,4038,200000000000,180000000000,180000000000,201982928256,201982928256,201982928256,193446400000,0,1702400000,0,0,0,0,0,21982928256,1,13446400000,180000000000,0,0,183808000000,203200000000,200000000000,0,0,184000000000,201982928256,0,0,0,1,64,201982928285,201982928256,0,0,0,0,0,65,0
0,4039,200000000000,180000000000,180000000000,197982928256,201982928256,201982928256,194969600000,0,1702400000,0,0,0,0,0,21982928256,1,14969600000,180000000000,0,0,183808000000,196800000000,200000000000,0,0,184000000000,197982928256,0,0,0,1,64,197982928285,197982928256,0,0,0,0,0,65,0
0,4040,200000000000,180000000000,180000000000,197982928256,201982928256,201982928256,167552000000,0,1702400000,0,0,0,0,0,21982928256,1,0,180000000000,0,0,183808000000,193600000000,200000000000,0,0,184000000000,197982928256,0,0,0,1,64,197982928285,197982928256,0,0,0,0,0,65,0
0,4041,200000000000,180000000000,180000000000,197982928256,201982928256,201982928256,191923200000,0,1702400000,0,0,0,0,0,21982928256,1,11923200000,180000000000,4000000000,0,183808000000,204800000000,200000000000,0,0,184000000000,197982928256,0,0,0,1,64,197982928285,197982928256,0,0,0,0,0,65,0
0,4042,200000000000,180000000000,180000000000,201982928256,201982928256,201982928256,193446400000,0,1702400000,0,0,0,0,0,21982928256,1,13446400000,180000000000,4000000000,0,183808000000,204800000000,200000000000,0,0,184000000000,201982928256,0,0,0,1,64,201982928285,201982928256,0,0,0,0,0,65,0
0,4043,200000000000,180000000000,180000000000,201982928256,201982928256,201982928256,191923200000,0,1702400000,0,0,0,0,0,21982928256,1,11923200000,180000000000,4000000000,0,183808000000,204800000000,200000000000,0,0,184000000000,201982928256,0,0,0,1,64,201982928285,201982928256,0,0,0,0,0,65,0
0,4044,200000000000,180000000000,180000000000,201982928256,201982928256,201982928256,194969600000,0,1702400000,0,0,0,0,0,21982928256,1,14969600000,180000000000,0,0,183808000000,204800000000,200000000000,0,0,184000000000,201982928256,0,0,0,1,64,201982928285,201982928256,0,0,0,0,0,65,0
0,4045,200000000000,180000000000,180000000000,197982928256,201982928256,201982928256,188876800000,0,1702400000,0,0,0,0,0,21982928256,1,8876800000,180000000000,0,0,183808000000,201600000000,200000000000,0,0,184000000000,197982928256,0,0,0,1,64,197982928285,197982928256,0,0,0,0,0,65,0
0,4046,200000000000,180000000000,180000000000,197982928256,201982928256,201982928256,191923200000,0,1702400000,0,0,0,0,0,21982928256,1,11923200000,180000000000,0,0,183808000000,204800000000,200000000000,0,0,184000000000,197982928256,0,0,0,1,64,197982928285,197982928256,0,0,0,0,0,65,0
0,4047,200000000000,180000000000,180000000000,197982928256,201982928256,201982928256,193446400000,0,1702400000,0,0,0,0,0,21982928256,1,13446400000,180000000000,4000000000,0,183808000000,203200000000,200000000000,0,0,184000000000,197982928256,0,0,0,1,64,197982928285,197982928256,0,0,0,0,0,65,0
0,4048,200000000000,180000000000,180000000000,201982928256,201982928256,201982928256,191923200000,0,1702400000,0,0,0,0,0,21982928256,1,11923200000,180000000000,4000000000,0,183808000000,204800000000,200000000000,0,0,184000000000,201982928256,0,0,0,1,64,201982928285,201982928256,0,0,0,0,0,65,0
0,4049,200000000000,180000000000,180000000000,201982928256,201982928256,201982928256,193446400000,0,1702400000,0,0,0,0,0,21982928256,1,13446400000,180000000000,4000000000,0,183808000000,203200000000,200000000000,0,0,184000000000,201982928256,0,0,0,1,64,201982928285,201982928256,0,0,0,0,0,65,0
0,4050,200000000000,180000000000,180000000000,201982928256,201982928256,201982928256,194969600000,0,1702400000,0,0,0,0,0,21982928256,1,14969600000,180000000000,0,0,183808000000,208000000000,200000000000,0,0,184000000000,201982928256,0,0,0,1,64,201982928285,201982928256,0,0,0,0,0,65,0
0,4051,200000000000,180000000000,180000000000,197982928256,201982928256,201982928256,194969600000,0,1702400000,0,0,0,0,0,21982928256,1,14969600000,180000000000,0,0,183808000000,206400000000,200000000000,0,0,184000000000,197982928256,0,0,0,1,64,197982928285,197982928256,0,0,0,0,0,65,0
0,4052,200000000000,180000000000,180000000000,197982928256,201982928256,201982928256,194969600000,0,1702400000,0,0,0,0,0,21982928256,1,14969600000,180000000000,0,0,183808000000,206400000000,200000000000,0,0,184000000000,197982928256,0,0,0,1,64,197982928285,197982928256,0,0,0,0,0,65,0
0,4053,200000000000,180000000000,180000000000,197982928256,201982928256,201982928256,194969600000,0,1702400000,0,0,0,0,0,21982928256,1,14969600000,180000000000,4000000000,0,183808000000,206400000000,200000000000,0,0,184000000000,197982928256,0,0,0,1,64,197982928285,197982928256,0,0,0,0,0,65,0
0,4054,200000000000,180000000000,180000000000,201982928256,201982928256,201982928256,194969600000,0,1702400000,0,0,0,0,0,21982928256,1,14969600000,180000000000,4000000000,0,183808000000,204800000000,200000000000,0,0,184000000000,201982928256,0,0,0,1,64,201982928285,201982928256,0,0,0,0,0,65,0
0,4055,200000000000,180000000000,180000000000,201982928256,201982928256,201982928256,185830400000,0,1702400000,0,0,0,0,0,21982928256,1,5830400000,180000000000,4000000000,0,183808000000,204800000000,200000000000,0,0,184000000000,201982928256,0,0,0,1,64,201982928285,201982928256,0,0,0,0,0,65,0
0,4056,200000000000,180000000000,180000000000,201982928256,201982928256,201982928256,194969600000,0,1702400000,0,0,0,0,0,21982928256,1,14969600000,180000000000,0,0,183808000000,201600000000,200000000000,0,0,184000000000,201982928256,0,0,0,1,64,201982928285,201982928256,0,0,0,0,0,65,0
0,4057,200000000000,180000000000,180000000000,197982928256,201982928256,201982928256,194969600000,0,1702400000,0,0,0,0,0,21982928256,1,14969600000,180000000000,0,0,183808000000,206400000000,200000000000,0,0,184000000000,197982928256,0,0,0,1,64,197982928285,197982928256,0,0,0,0,0,65,0
0,4058,200000000000,180000000000,180000000000,197982928256,201982928256,201982928256,194969600000,0,1702400000,0,0,0,0,0,21982928256,1,14969600000,180000000000,0,0,183808000000,208000000000,200000000000,0,0,184000000000,197982928256,0,0,0,1,64,197982928285,197982928256,0,0,0,0,0,65,0
0,4059,200000000000,180000000000,180000000000,197982928256,201982928256,201982928256,194969600000,0,1702400000,0,0,0,0,0,21982928256,1,14969600000,180000000000,4000000000,0,183808000000,206400000000,200000000000,0,0,184000000000,197982928256,0,0,0,1,64,197982928285,197982928256,0,0,0,0,0,65,0
0,4060,200000000000,180000000000,180000000000,201982928256,201982928256,201982928256,194969600000,0,1702400000,0,0,0,0,0,21982928256,1,14969600000,180000000000,4000000000,0,183808000000,206400000000,200000000000,0,0,184000000000,201982928256,0,0,0,1,64,201982928285,201982928256,0,0,0,0,0,65,0
0,4061,200000000000,180000000000,180000000000,201982928256,201982928256,201982928256,194969600000,0,1702400000,0,0,0,0,0,21982928256,1,14969600000,180000000000,4000000000,0,183808000000,206400000000,200000000000,0,0,184000000000,201982928256,0,0,0,1,64,201982928285,201982928256,0,0,0,0,0,65,0
0,4062,200000000000,180000000000,180000000000,201982928256,201982928256,201982928256,194969600000,0,1702400000,0,0,0,0,0,21982928256,1,14969600000,180000000000,0,0,183808000000,208000000000,200000000000,0,0,184000000000,201982928256,0,0,0,1,64,201982928285,201982928256,0,0,0,0,0,65,0
0,4063,200000000000,180000000000,180000000000,197982928256,201982928256,201982928256,194969600000,0,1702400000,0,0,0,0,0,21982928256,1,14969600000,180000000000,0,0,183808000000,206400000000,200000000000,0,0,184000000000,197982928256,0,0,0,1,64,197982928285,197982928256,0,0,0,0,0,65,0
0,4064,200000000000,180000000000,180000000000,197982928256,201982928256,201982928256,194969600000,0,1702400000,0,0,0,0,0,21982928256,1,14969600000,180000000000,0,0,183808000000,206400000000,200000000000,0,0,184000000000,197982928256,0,0,0,1,64,197982928285,197982928256,0,0,0,0,0,65,0
0,4065,200000000000,180000000000,180000000000,197982928256,201982928256,201982928256,194969600000,0,1702400000,0,0,0,0,0,21982928256,1,14969600000,180000000000,0,0,180000000000,206400000000,200000000000,0,0,184000000000,197982928256,0,0,0,1,64,197982928285,197982928256,0,0,0,0,0,65,0
0,4066,200000000000,180000000000,180000000000,197982928256,201982928256,201982928256,194969600000,0,1702400000,0,0,0,0,0,21982928256,1,14969600000,180000000000,0,0,180000000000,208000000000,200000000000,0,0,184000000000,197982928256,0,0,0,1,64,197982928285,197982928256,0,0,0,0,0,65,0
0,4067,200000000000,180000000000,180000000000,197982928256,201982928256,201982928256,194969600000,0,1702400000,0,0,0,0,0,21982928256,1,14969600000,180000000000,0,0,180000000000,198400000000,200000000000,0,0,184000000000,197982928256,0,0,0,1,64,197982928285,197982928256,0,0,0,0,0,65,0
0,4068,200000000000,180000000000,180000000000,197982928256,201982928256,201982928256,179737600000,0,1702400000,0,0,0,0,0,21982928256,1,0,180000000000,0,0,180000000000,198400000000,200000000000,0,0,184000000000,197982928256,0,0,0,1,64,197982928285,197982928256,0,0,0,0,0,65,0
0,4069,200000000000,180000000000,180000000000,197982928256,201982928256,201982928256,191923200000,0,1702400000,0,0,0,0,0,21982928256,1,11923200000,180000000000,0,0,180000000000,206400000000,200000000000,0,0,184000000000,197982928256,0,0,0,1,64,197982928285,197982928256,0,0,0,0,0,65,0
0,4070,200000000000,180000000000,180000000000,197982928256,201982928256,201982928256,193446400000,0,1702400000,0,0,0,0,0,21982928256,1,13446400000,180000000000,0,0,180000000000,203200000000,200000000000,0,0,184000000000,197982928256,0,0,0,1,64,197982928285,197982928256,0,0,0,0,0,65,0
0,4071,200000000000,180000000000,180000000000,197982928256,201982928256,201982928256,187353600000,0,1702400000,0,0,0,0,0,21982928256,1,7353600000,180000000000,0,0,180000000000,200000000000,200000000000,0,0,184000000000,197982928256,0,0,0,1,64,197982928285,197982928256,0,0,0,0,0,65,0
0,4072,200000000000,180000000000,180000000000,197982928256,201982928256,201982928256,188876800000,0,1702400000,0,0,0,0,0,21982928256,1,8876800000,180000000000,0,0,180000000000,198400000000,200000000000,0,0,184000000000,197982928256,0,0,0,1,64,197982928285,197982928256,0,0,0,0,0,65,0
0,4073,200000000000,180000000000,180000000000,197982928256,201982928256,201982928256,191923200000,0,1702400000,0,0,0,0,0,21982928256,1,11923200000,180000000000,0,0,180000000000,204800000000,200000000000,0,0,184000000000,197982928256,0,0,0,1,64,197982928285,197982928256,0,0,0,0,0,65,0
0,4074,200000000000,180000000000,180000000000,197982928256,201982928256,201982928256,193446400000,0,1702400000,0,0,0,0,0,21982928256,1,13446400000,180000000000,0,0,180000000000,200000000000,200000000000,0,0,184000000000,197982928256,0,0,0,1,64,197982928285,197982928256,0,0,0,0,0,65,0
0,4075,200000000000,180000000000,180000000000,197982928256,201982928256,201982928256,194969600000,0,1702400000,0,0,0,0,0,21982928256,1,14969600000,180000000000,0,0,180000000000,196800000000,200000000000,0,0,184000000000,197982928256,0,0,0,1,64,197982928285,197982928256,0,0,0,0,0,65,0
0,4076,200000000000,180000000000,180000000000,197982928256,201982928256,201982928256,167552000000,0,1702400000,0,0,0,0,0,21982928256,1,0,180000000000,0,0,180000000000,198400000000,200000000000,0,0,184000000000,197982928256,0,0,0,1,64,197982928285,197982928256,0,0,0,0,0,65,0
0,4077,200000000000,180000000000,180000000000,197982928256,201982928256,201982928256,193446400000,0,1702400000,0,0,0,0,0,21982928256,1,13446400000,180000000000,0,0,180000000000,200000000000,200000000000,0,0,184000000000,197982928256,0,0,0,1,64,197982928285,197982928256,0,0,0,0,0,65,0
0,4078,200000000000,180000000000,180000000000,197982928256,201982928256,201982928256,191923200000,0,1702400000,0,0,0,0,0,21982928256,1,11923200000,180000000000,0,0,180000000000,204800000000,200000000000,0,0,184000000000,197982928256,0,0,0,1,64,197982928285,197982928256,0,0,0,0,0,65,0
0,4079,200000000000,180000000000,180000000000,197982928256,201982928256,201982928256,193446400000,0,1702400000,0,0,0,0,0,21982928256,1,13446400000,180000000000,0,0,180000000000,203200000000,200000000000,0,0,184000000000,197982928256,0,0,0,1,64,197982928285,197982928256,0,0,0,0,0,65,0
0,4080,200000000000,180000000000,180000000000,197982928256,201982928256,201982928256,193446400000,0,1702400000,0,0,0,0,0,21982928256,1,13446400000,180000000000,0,0,180000000000,204800000000,200000000000,0,0,184000000000,197982928256,0,0,0,1,64,197982928285,197982928256,0,0,0,0,0,65,0
0,4081,200000000000,180000000000,180000000000,197982928256,201982928256,201982928256,190400000000,0,1702400000,0,0,0,0,0,21982928256,1,10400000000,180000000000,0,0,180000000000,203200000000,200000000000,0,0,184000000000,197982928256,0,0,0,1,64,197982928285,197982928256,0,0,0,0,0,65,0
0,4082,200000000000,180000000000,180000000000,197982928256,201982928256,201982928256,191923200000,0,1702400000,0,0,0,0,0,21982928256,1,11923200000,180000000000,0,0,180000000000,203200000000,200000000000,0,0,184000000000,197982928256,0,0,0,1,64,197982928285,197982928256,0,0,0,0,0,65,0
0,4083,200000000000,180000000000,180000000000,197982928256,201982928256,201982928256,191923200000,0,1702400000,0,0,0,0,0,21982928256,1,11923200000,180000000000,0,0,180000000000,204800000000,200000000000,0,0,184000000000,197982928256,0,0,0,1,64,197982928285,197982928256,0,0,0,0,0,65,0
0,4084,200000000000,180000000000,180000000000,197982928256,201982928256,201982928256,191923200000,0,1702400000,0,0,0,0,0,21982928256,1,11923200000,180000000000,0,0,180000000000,203200000000,200000000000,0,0,184000000000,197982928256,0,0,0,1,64,197982928285,197982928256,0,0,0,0,0,65,0
0,4085,200000000000,180000000000,180000000000,197982928256,201982928256,201982928256,193446400000,0,1702400000,0,0,0,0,0,21982928256,1,13446400000,180000000000,0,0,180000000000,204800000000,200000000000,0,0,184000000000,197982928256,0,0,0,1,64,197982928285,197982928256,0,0,0,0,0,65,0
0,4086,200000000000,180000000000,180000000000,197982928256,201982928256,201982928256,194969600000,0,1702400000,0,0,0,0,0,21982928256,1,14969600000,180000000000,0,0,180000000000,206400000000,200000000000,0,0,184000000000,197982928256,0,0,0,1,64,197982928285,197982928256,0,0,0,0,0,65,0
0,4087,200000000000,180000000000,180000000000,197982928256,201982928256,201982928256,194969600000,0,1702400000,0,0,0,0,0,21982928256,1,14969600000,180000000000,0,0,180000000000,206400000000,200000000000,0,0,184000000000,197982928256,0,0,0,1,64,197982928285,197982928256,0,0,0,0,0,65,0
0,4088,200000000000,180000000000,180000000000,197982928256,201982928256,201982928256,194969600000,0,1702400000,0,0,0,0,0,21982928256,1,14969600000,180000000000,0,0,180000000000,206400000000,200000000000,0,0,184000000000,197982928256,0,0,0,1,64,197982928285,197982928256,0,0,0,0,0,65,0
0,4089,200000000000,180000000000,180000000000,197982928256,201982928256,201982928256,194969600000,0,1702400000,0,0,0,0,0,21982928256,1,14969600000,180000000000,0,0,180000000000,208000000000,200000000000,0,0,184000000000,197982928256,0,0,0,1,64,197982928285,197982928256,0,0,0,0,0,65,0
0,4090,200000000000,180000000000,180000000000,197982928256,201982928256,201982928256,194969600000,0,1702400000,0,0,0,0,0,21982928256,1,14969600000,180000000000,0,0,180000000000,204800000000,200000000000,0,0,184000000000,197982928256,0,0,0,1,64,197982928285,197982928256,0,0,0,0,0,65,0
0,4091,200000000000,180000000000,180000000000,197982928256,201982928256,201982928256,185830400000,0,1702400000,0,0,0,0,0,21982928256,1,5830400000,180000000000,0,0,180000000000,203200000000,200000000000,0,0,184000000000,197982928256,0,0,0,1,64,197982928285,197982928256,0,0,0,0,0,65,0
0,4092,200000000000,180000000000,180000000000,197982928256,201982928256,201982928256,194969600000,0,1702400000,0,0,0,0,0,21982928256,1,14969600000,180000000000,0,0,180000000000,203200000000,200000000000,0,0,184000000000,197982928256,0,0,0,1,64,197982928285,197982928256,0,0,0,0,0,65,0
0,4093,200000000000,180000000000,180000000000,197982928256,201982928256,201982928256,194969600000,0,1702400000,0,0,0,0,0,21982928256,1,14969600000,180000000000,0,0,180000000000,206400000000,200000000000,0,0,184000000000,197982928256,0,0,0,1,64,197982928285,197982928256,0,0,0,0,0,65,0
0,4094,200000000000,180000000000,180000000000,197982928256,201982928256,201982928256,194969600000,0,1702400000,0,0,0,0,0,21982928256,1,14969600000,180000000000,0,0,180000000000,206400000000,200000000000,0,0,184000000000,197982928256,0,0,0,1,64,197982928285,197982928256,0,0,0,0,0,65,0
0,4095,200000000000,180000000000,180000000000,197982928256,201982928256,201982928256,194969600000,0,1702400000,0,0,0,0,0,21982928256,1,14969600000,180000000000,0,0,180000000000,206400000000,200000000000,0,0,184000000000,197982928256,0,0,0,1,64,197982928285,197982928256,0,0,0,0,0,65,0
0,4096,200000000000,180000000000,180000000000,197982928256,201982928256,201982928256,194969600000,0,1702400000,0,0,0,0,0,21982928256,1,14969600000,180000000000,0,0,180000000000,208000000000,200000000000,0,0,184000000000,197982928256,0,0,0,1,64,197982928285,197982928256,0,0,0,0,0,65,0
0,4097,200000000000,180000000000,180000000000,197982928256,201982928256,201982928256,194969600000,0,1702400000,0,0,0,0,0,21982928256,1,14969600000,180000000000,0,0,180000000000,206400000000,200000000000,0,0,184000000000,197982928256,0,0,0,1,64,197982928285,197982928256,0,0,0,0,0,65,0
0,4098,200000000000,180000000000,180000000000,197982928256,201982928256,201982928256,194969600000,0,1702400000,0,0,0,0,0,21982928256,1,14969600000,180000000000,0,0,180000000000,206400000000,200000000000,0,0,184000000000,197982928256,0,0,0,1,64,197982928285,197982928256,0,0,0,0,0,65,0
0,4099,200000000000,180000000000,180000000000,197982928256,201982928256,201982928256,194969600000,0,1702400000,0,0,0,0,0,21982928256,1,14969600000,180000000000,0,0,180000000000,206400000000,200000000000,0,0,184000000000,197982928256,0,0,0,1,64,197982928285,197982928256,0,0,0,0,0,65,0
0,4100,200000000000,180000000000,180000000000,197982928256,201982928256,201982928256,194969600000,0,1702400000,0,0,0,0,0,21982928256,1,14969600000,180000000000,0,0,180000000000,208000000000,200000000000,0,0,184000000000,197982928256,0,0,0,1,64,197982928285,197982928256,0,0,0,0,0,65,0
0,4101,200000000000,180000000000,180000000000,197982928256,201982928256,201982928256,194969600000,0,1702400000,0,0,0,0,0,21982928256,1,14969600000,180000000000,0,0,180000000000,206400000000,200000000000,0,0,184000000000,197982928256,0,0,0,1,64,197982928285,197982928256,0,0,0,0,0,65,0
0,4102,200000000000,180000000000,180000000000,197982928256,201982928256,201982928256,194969600000,0,1702400000,0,0,0,0,0,21982928256,1,14969600000,180000000000,0,0,180000000000,206400000000,200000000000,0,0,184000000000,197982928256,0,0,0,1,64,197982928285,197982928256,0,0,0,0,0,65,0
0,4103,200000000000,180000000000,180000000000,197982928256,201982928256,201982928256,194969600000,0,1702400000,0,0,0,0,0,21982928256,1,14969600000,180000000000,0,0,180000000000,201600000000,200000000000,0,0,184000000000,197982928256,0,0,0,1,64,197982928285,197982928256,0,0,0,0,0,65,0
0,4104,200000000000,180000000000,180000000000,197982928256,201982928256,201982928256,179737600000,0,1702400000,0,0,0,0,0,21982928256,1,0,180000000000,0,0,180000000000,198400000000,200000000000,0,0,184000000000,197982928256,0,0,0,1,64,197982928285,197982928256,0,0,0,0,0,65,0
0,4105,200000000000,180000000000,180000000000,197982928256,201982928256,201982928256,193446400000,0,1702400000,0,0,0,0,0,21982928256,1,13446400000,180000000000,0,0,180000000000,203200000000,200000000000,0,0,184000000000,197982928256,0,0,0,1,64,197982928285,197982928256,0,0,0,0,0,65,0
0,4106,200000000000,180000000000,180000000000,197982928256,201982928256,201982928256,191923200000,0,1702400000,0,0,0,0,0,21982928256,1,11923200000,180000000000,0,0,180000000000,204800000000,200000000000,0,0,184000000000,197982928256,0,0,0,1,64,197982928285,197982928256,0,0,0,0,0,65,0
0,4107,200000000000,180000000000,180000000000,197982928256,201982928256,201982928256,191923200000,0,1702400000,0,0,0,0,0,21982928256,1,11923200000,180000000000,0,0,180000000000,200000000000,200000000000,0,0,184000000000,197982928256,0,0,0,1,64,197982928285,197982928256,0,0,0,0,0,65,0
0,4108,200000000000,180000000000,180000000000,197982928256,201982928256,201982928256,184307200000,0,1702400000,0,0,0,0,0,21982928256,1,4307200000,180000000000,0,0,180000000000,200000000000,200000000000,0,0,184000000000,197982928256,0,0,0,1,64,197982928285,197982928256,0,0,0,0,0,65,0
0,4109,200000000000,180000000000,180000000000,197982928256,201982928256,201982928256,191923200000,0,1702400000,0,0,0,0,0,21982928256,1,11923200000,180000000000,0,0,180000000000,201600000000,200000000000,0,0,184000000000,197982928256,0,0,0,1,64,197982928285,197982928256,0,0,0,0,0,65,0
0,4110,200000000000,180000000000,180000000000,197982928256,201982928256,201982928256,193446400000,0,1702400000,0,0,0,0,0,21982928256,1,13446400000,180000000000,0,0,180000000000,200000000000,200000000000,0,0,184000000000,197982928256,0,0,0,1,64,197982928285,197982928256,0,0,0,0,0,65,0
0,4111,200000000000,180000000000,180000000000,197982928256,201982928256,201982928256,194969600000,0,1702400000,0,0,0,0,0,21982928256,1,14969600000,180000000000,0,0,180000000000,201600000000,200000000000,0,0,184000000000,197982928256,0,0,0,1,64,197982928285,197982928256,0,0,0,0,0,65,0
0,4112,200000000000,180000000000,180000000000,197982928256,201982928256,201982928256,169075200000,0,1702400000,0,0,0,0,0,21982928256,1,0,180000000000,0,0,180000000000,195200000000,200000000000,0,0,184000000000,197982928256,0,0,0,1,64,197982928285,197982928256,0,0,0,0,0,65,0
0,4113,200000000000,180000000000,180000000000,197982928256,201982928256,201982928256,191923200000,0,1702400000,0,0,0,0,0,21982928256,1,11923200000,180000000000,0,0,180000000000,200000000000,200000000000,0,0,184000000000,197982928256,0,0,0,1,64,197982928285,197982928256,0,0,0,0,0,65,0
0,4114,200000000000,180000000000,180000000000,197982928256,201982928256,201982928256,191923200000,0,1702400000,0,0,0,0,0,21982928256,1,11923200000,180000000000,0,0,180000000000,203200000000,200000000000,0,0,184000000000,197982928256,0,0,0,1,64,197982928285,197982928256,0,0,0,0,0,65,0
0,4115,200000000000,180000000000,180000000000,197982928256,201982928256,201982928256,193446400000,0,1702400000,0,0,0,0,0,21982928256,1,13446400000,180000000000,0,0,180000000000,204800000000,200000000000,0,0,184000000000,197982928256,0,0,0,1,64,197982928285,197982928256,0,0,0,0,0,65,0
0,4116,200000000000,180000000000,180000000000,197982928256,201982928256,201982928256,193446400000,0,1702400000,0,0,0,0,0,21982928256,1,13446400000,180000000000,0,0,180000000000,204800000000,200000000000,0,0,184000000000,197982928256,0,0,0,1,64,197982928285,197982928256,0,0,0,0,0,65,0
0,4117,200000000000,180000000000,180000000000,197982928256,201982928256,201982928256,190400000000,0,1702400000,0,0,0,0,0,21982928256,1,10400000000,180000000000,0,0,180000000000,203200000000,200000000000,0,0,184000000000,197982928256,0,0,0,1,64,197982928285,197982928256,0,0,0,0,0,65,0
0,4118,200000000000,180000000000,180000000000,197982928256,201982928256,201982928256,191923200000,0,1702400000,0,0,0,0,0,21982928256,1,11923200000,180000000000,0,0,180000000000,203200000000,200000000000,0,0,184000000000,197982928256,0,0,0,1,64,197982928285,197982928256,0,0,0,0,0,65,0
0,4119,200000000000,180000000000,180000000000,197982928256,201982928256,201982928256,191923200000,0,1702400000,0,0,0,0,0,21982928256,1,11923200000,180000000000,0,0,180000000000,204800000000,200000000000,0,0,184000000000,197982928256,0,0,0,1,64,197982928285,197982928256,0,0,0,0,0,65,0
0,4120,200000000000,180000000000,180000000000,197982928256,201982928256,201982928256,193446400000,0,1702400000,0,0,0,0,0,21982928256,1,13446400000,180000000000,0,0,180000000000,203200000000,200000000000,0,0,184000000000,197982928256,0,0,0,1,64,197982928285,197982928256,0,0,0,0,0,65,0
0,4121,200000000000,180000000000,180000000000,197982928256,201982928256,201982928256,191923200000,0,1702400000,0,0,0,0,0,21982928256,1,11923200000,180000000000,0,0,180000000000,204800000000,200000000000,0,0,184000000000,197982928256,0,0,0,1,64,197982928285,197982928256,0,0,0,0,0,65,0
0,4122,200000000000,180000000000,180000000000,197982928256,201982928256,201982928256,194969600000,0,1702400000,0,0,0,0,0,21982928256,1,14969600000,180000000000,0,0,180000000000,204800000000,200000000000,0,0,184000000000,197982928256,0,0,0,1,64,197982928285,197982928256,0,0,0,0,0,65,0
0,4123,200000000000,180000000000,180000000000,197982928256,201982928256,201982928256,194969600000,0,1702400000,0,0,0,0,0,21982928256,1,14969600000,180000000000,0,0,180000000000,208000000000,200000000000,0,0,184000000000,197982928256,0,0,0,1,64,197982928285,197982928256,0,0,0,0,0,65,0
0,4124,200000000000,180000000000,180000000000,197982928256,201982928256,201982928256,194969600000,0,1702400000,0,0,0,0,0,21982928256,1,14969600000,180000000000,0,0,180000000000,206400000000,200000000000,0,0,184000000000,197982928256,0,0,0,1,64,197982928285,197982928256,0,0,0,0,0,65,0
0,4125,200000000000,180000000000,180000000000,197982928256,201982928256,201982928256,194969600000,0,1702400000,0,0,0,0,0,21982928256,1,14969600000,180000000000,0,0,180000000000,206400000000,200000000000,0,0,184000000000,197982928256,0,0,0,1,64,197982928285,197982928256,0,0,0,0,0,65,0
0,4126,200000000000,180000000000,180000000000,197982928256,201982928256,201982928256,194969600000,0,1702400000,0,0,0,0,0,21982928256,1,14969600000,180000000000,0,0,180000000000,204800000000,200000000000,0,0,184000000000,197982928256,0,0,0,1,64,197982928285,197982928256,0,0,0,0,0,65,0
0,4127,200000000000,180000000000,180000000000,197982928256,201982928256,201982928256,194969600000,0,1702400000,0,0,0,0,0,21982928256,1,14969600000,180000000000,0,0,180000000000,204800000000,200000000000,0,0,184000000000,197982928256,0,0,0,1,64,197982928285,197982928256,0,0,0,0,0,65,0
0,4128,200000000000,180000000000,180000000000,197982928256,201982928256,201982928256,185830400000,0,1702400000,0,0,0,0,0,21982928256,1,5830400000,180000000000,0,0,180000000000,201600000000,200000000000,0,0,184000000000,197982928256,0,0,0,1,64,197982928285,197982928256,0,0,0,0,0,65,0
0,4129,200000000000,180000000000,180000000000,197982928256,201982928256,201982928256,194969600000,0,1702400000,0,0,0,0,0,21982928256,1,14969600000,180000000000,0,0,180000000000,206400000000,200000000000,0,0,184000000000,197982928256,0,0,0,1,64,197982928285,197982928256,0,0,0,0,0,65,0
0,4130,200000000000,180000000000,180000000000,197982928256,201982928256,201982928256,194969600000,0,1702400000,0,0,0,0,0,21982928256,1,14969600000,180000000000,0,0,180000000000,206400000000,200000000000,0,0,184000000000,197982928256,0,0,0,1,64,197982928285,197982928256,0,0,0,0,0,65,0
0,4131,200000000000,180000000000,180000000000,197982928256,201982928256,201982928256,194969600000,0,1702400000,0,0,0,0,0,21982928256,1,14969600000,180000000000,0,0,180000000000,208000000000,200000000000,0,0,184000000000,197982928256,0,0,0,1,64,197982928285,197982928256,0,0,0,0,0,65,0
0,4132,200000000000,180000000000,180000000000,197982928256,201982928256,201982928256,194969600000,0,1702400000,0,0,0,0,0,21982928256,1,14969600000,180000000000,0,0,180000000000,206400000000,200000000000,0,0,184000000000,197982928256,0,0,0,1,64,197982928285,197982928256,0,0,0,0,0,65,0
0,4133,200000000000,180000000000,180000000000,197982928256,201982928256,201982928256,194969600000,0,1702400000,0,0,0,0,0,21982928256,1,14969600000,180000000000,0,0,180000000000,206400000000,200000000000,0,0,184000000000,197982928256,0,0,0,1,64,197982928285,197982928256,0,0,0,0,0,65,0
0,4134,200000000000,180000000000,180000000000,197982928256,201982928256,201982928256,194969600000,0,1702400000,0,0,0,0,0,21982928256,1,14969600000,180000000000,0,0,180000000000,206400000000,200000000000,0,0,184000000000,197982928256,0,0,0,1,64,197982928285,197982928256,0,0,0,0,0,65,0
0,4135,200000000000,180000000000,180000000000,197982928256,201982928256,201982928256,194969600000,0,1702400000,0,0,0,0,0,21982928256,1,14969600000,180000000000,0,0,180000000000,208000000000,200000000000,0,0,184000000000,197982928256,0,0,0,1,64,197982928285,197982928256,0,0,0,0,0,65,0
0,4136,200000000000,180000000000,180000000000,197982928256,201982928256,201982928256,194969600000,0,1702400000,0,0,0,0,0,21982928256,1,14969600000,180000000000,0,0,180000000000,206400000000,200000000000,0,0,184000000000,197982928256,0,0,0,1,64,197982928285,197982928256,0,0,0,0,0,65,0
0,4137,200000000000,180000000000,180000000000,197982928256,201982928256,201982928256,194969600000,0,1702400000,0,0,0,0,0,21982928256,1,14969600000,180000000000,0,0,180000000000,206400000000,200000000000,0,0,184000000000,197982928256,0,0,0,1,64,197982928285,197982928256,0,0,0,0,0,65,0
0,4138,200000000000,180000000000,180000000000,197982928256,201982928256,201982928256,194969600000,0,1702400000,0,0,0,0,0,21982928256,1,14969600000,180000000000,0,0,180000000000,208000000000,200000000000,0,0,184000000000,197982928256,0,0,0,1,64,197982928285,197982928256,0,0,0,0,0,65,0
0,4139,200000000000,180000000000,180000000000,197982928256,201982928256,201982928256,194969600000,0,1702400000,0,0,0,0,0,21982928256,1,14969600000,180000000000,0,0,180000000000,203200000000,200000000000,0,0,184000000000,197982928256,0,0,0,1,64,197982928285,197982928256,0,0,0,0,0,65,0
0,4140,200000000000,180000000000,180000000000,197982928256,201982928256,201982928256,181260800000,0,1702400000,0,0,0,0,0,21982928256,1,1260800000,180000000000,0,0,180000000000,195200000000,200000000000,0,0,184000000000,197982928256,0,0,0,1,64,197982928285,197982928256,0,0,0,0,0,65,0
0,4141,200000000000,180000000000,180000000000,197982928256,201982928256,201982928256,191923200000,0,1702400000,0,0,0,0,0,21982928256,1,11923200000,180000000000,0,0,180000000000,203200000000,200000000000,0,0,184000000000,197982928256,0,0,0,1,64,197982928285,197982928256,0,0,0,0,0,65,0
0,4142,200000000000,180000000000,180000000000,197982928256,201982928256,201982928256,191923200000,0,1702400000,0,0,0,0,0,21982928256,1,11923200000,180000000000,0,0,180000000000,206400000000,200000000000,0,0,184000000000,197982928256,0,0,0,1,64,197982928285,197982928256,0,0,0,0,0,65,0
0,4143,200000000000,180000000000,180000000000,197982928256,201982928256,201982928256,193446400000,0,1702400000,0,0,0,0,0,21982928256,1,13446400000,180000000000,0,0,180000000000,201600000000,200000000000,0,0,184000000000,197982928256,0,0,0,1,64,197982928285,197982928256,0,0,0,0,0,65,0
0,4144,200000000000,180000000000,180000000000,197982928256,201982928256,201982928256,56550400000,0,1702400000,0,0,0,0,0,21982928256,1,0,180000000000,0,0,180000000000,198400000000,200000000000,0,0,184000000000,197982928256,0,0,0,1,64,197982928285,197982928256,0,0,0,0,0,65,0
0,4145,200000000000,180000000000,180000000000,134453781504,134453781504,134453781504,0,0,1702400000,0,0,0,0,0,0,0,0,180000000000,0,0,180000000000,201600000000,200000000000,0,0,184000000000,134453781504,45546218496,4,0,1,64,134453781504,134453781504,0,0,0,0,0,65,0
0,4146,200000000000,180000000000,180000000000,134453781504,134453781504,134453781504,0,0,1702400000,0,0,0,0,0,0,0,0,180000000000,0,0,180000000000,80140800000,200000000000,0,0,184000000000,134453781504,45546218496,4,0,1,64,134453781504,134453781504,0,0,0,0,0,65,0
0,4147,200000000000,180000000000,180000000000,134453781504,134453781504,134453781504,0,0,1702400000,0,0,0,0,0,0,0,0,180000000000,0,0,180000000000,1600000000,200000000000,0,0,184000000000,134453781504,45546218496,4,0,1,64,134453781504,134453781504,0,0,0,0,0,65,0
0,4148,200000000000,180000000000,180000000000,134453781504,134453781504,134453781504,0,0,1702400000,0,0,0,0,0,0,0,0,180000000000,0,0,180000000000,1600000000,200000000000,0,0,184000000000,134453781504,45546218496,4,0,1,64,134453781504,134453781504,0,0,0,0,0,65,0
